Workbook

Sheet قاعدة بيانات المهام
A1: قاعدة بيانات المهام – مركز التنفيذ الاستراتيجي
A2: # | B2: المهمة | C2: القسم | D2: الموظف | E2: الأولوية | F2: الركيزة الاستراتيجية | G2: الحالة | H2: نسبة الإنجاز | I2: تاريخ البداية | J2: تاريخ الانتهاء | K2: الأيام المتبقية | L2: مؤشر المخاطر | M2: الملاحظات | N2: الخطوة القادمة | O2: ملاحظات الرئيس التنفيذي | P2: الشهر المصدر
A3: 1 | B3: إضافة توقيع الرئيس في الغرفة التجارية | C3: الموارد البشرية | G3: مكتملة | H3: 1 | I3: 45532 | J3: 45538 | K3: =IFERROR(IF(J3="","",IF(G3="مكتملة","✓",J3-TODAY())),"تاريخ غير صحيح") -> ✓ | L3: =IF(G3="مكتملة","🟢 مكتملة",IF(G3="لم تبدأ","⚪ لم تبدأ",IF(J3<TODAY(),"🔴 متأخرة",IF(AND(I3<>"",J3<>"",H3<>"",((TODAY()-I3)/(J3-I3)-H3)>0.3),"🟡 تحتاج متابعة","🟢 في المسار")))) -> 🟢 مكتملة | M3: باقي 3 تم انهاء 5 | N3: وليد العتيبي | P3: September
A4: 2 | B4: اتفاقية فصل إيرادات شريط المرقب واسواق المرقب | C4: الادارة القانونية | G4: مكتملة | H4: 1 | I4: 45544 | J4: 45551 | K4: =IFERROR(IF(J4="","",IF(G4="مكتملة","✓",J4-TODAY())),"تاريخ غير صحيح") -> ✓ | L4: =IF(G4="مكتملة","🟢 مكتملة",IF(G4="لم تبدأ","⚪ لم تبدأ",IF(J4<TODAY(),"🔴 متأخرة",IF(AND(I4<>"",J4<>"",H4<>"",((TODAY()-I4)/(J4-I4)-H4)>0.3),"🟡 تحتاج متابعة","🟢 في المسار")))) -> 🟢 مكتملة | M4: تم ارسال مسودة | N4: تم الارسال للأصول العقارية | P4: September
A5: 3 | B5: ارض الخزامى | C5: الاستثمار | G5: جاري العمل | H5: 0.9 | K5: =IFERROR(IF(J5="","",IF(G5="مكتملة","✓",J5-TODAY())),"تاريخ غير صحيح") | L5: =IF(G5="مكتملة","🟢 مكتملة",IF(G5="لم تبدأ","⚪ لم تبدأ",IF(J5<TODAY(),"🔴 متأخرة",IF(AND(I5<>"",J5<>"",H5<>"",((TODAY()-I5)/(J5-I5)-H5)>0.3),"🟡 تحتاج متابعة","🟢 في المسار")))) -> 🔴 متأخرة | M5: تم ارسال العقود للرئيس للتوقيع | N5: الرئيس التنفيذي | P5: September
A6: 4 | B6: استراتيجية الاستثمار | C6: الاستثمار | G6: جاري العمل | H6: 0.95 | I6: 45537 | J6: 45566 | K6: =IFERROR(IF(J6="","",IF(G6="مكتملة","✓",J6-TODAY())),"تاريخ غير صحيح") -> -548 | L6: =IF(G6="مكتملة","🟢 مكتملة",IF(G6="لم تبدأ","⚪ لم تبدأ",IF(J6<TODAY(),"🔴 متأخرة",IF(AND(I6<>"",J6<>"",H6<>"",((TODAY()-I6)/(J6-I6)-H6)>0.3),"🟡 تحتاج متابعة","🟢 في المسار")))) -> 🔴 متأخرة | M6: تم ارسال المسودة للرئيس التنفيذي | N6: الرئيس التنفيذي | P6: September
A7: 5 | B7: استشارة المراجع الخارجي في وجوب تقرير من مستشار مستقل بخصوص IFRS | C7: المالية | G7: مكتملة | H7: 1 | I7: 45522 | J7: 45533 | K7: =IFERROR(IF(J7="","",IF(G7="مكتملة","✓",J7-TODAY())),"تاريخ غير صحيح") -> ✓ | L7: =IF(G7="مكتملة","🟢 مكتملة",IF(G7="لم تبدأ","⚪ لم تبدأ",IF(J7<TODAY(),"🔴 متأخرة",IF(AND(I7<>"",J7<>"",H7<>"",((TODAY()-I7)/(J7-I7)-H7)>0.3),"🟡 تحتاج متابعة","🟢 في المسار")))) -> 🟢 مكتملة | M7: لا يوجد متطلب في المعايير الدولية لتعيين مستشار مستقل | N7: المدير المالي - للتحديث | P7: September
A8: 6 | B8: استلام محلات وشقق سوق ينبع - توسعة المعاشق | C8: المشاريع | G8: جاري العمل | I8: 45553 | J8: 45560 | K8: =IFERROR(IF(J8="","",IF(G8="مكتملة","✓",J8-TODAY())),"تاريخ غير صحيح") -> -554 | L8: =IF(G8="مكتملة","🟢 مكتملة",IF(G8="لم تبدأ","⚪ لم تبدأ",IF(J8<TODAY(),"🔴 متأخرة",IF(AND(I8<>"",J8<>"",H8<>"",((TODAY()-I8)/(J8-I8)-H8)>0.3),"🟡 تحتاج متابعة","🟢 في المسار")))) -> 🔴 متأخرة | M8: تعديل المواعيد | N8: المشاريع | P8: September
A9: 7 | B9: اقفال حسابات البنك للشركات المغلقة | C9: المالية | G9: مكتملة | H9: 1 | I9: 45544 | J9: 45551 | K9: =IFERROR(IF(J9="","",IF(G9="مكتملة","✓",J9-TODAY())),"تاريخ غير صحيح") -> ✓ | L9: =IF(G9="مكتملة","🟢 مكتملة",IF(G9="لم تبدأ","⚪ لم تبدأ",IF(J9<TODAY(),"🔴 متأخرة",IF(AND(I9<>"",J9<>"",H9<>"",((TODAY()-I9)/(J9-I9)-H9)>0.3),"🟡 تحتاج متابعة","🟢 في المسار")))) -> 🟢 مكتملة | M9: تم الانتهاء من اقفال 15 حساب | P9: September
A10: 8 | B10: الانتهاء من سياسات الإدارة القانونية | C10: الادارة القانونية | G10: جاري العمل | H10: 0.95 | I10: 45518 | J10: 45565 | K10: =IFERROR(IF(J10="","",IF(G10="مكتملة","✓",J10-TODAY())),"تاريخ غير صحيح") -> -549 | L10: =IF(G10="مكتملة","🟢 مكتملة",IF(G10="لم تبدأ","⚪ لم تبدأ",IF(J10<TODAY(),"🔴 متأخرة",IF(AND(I10<>"",J10<>"",H10<>"",((TODAY()-I10)/(J10-I10)-H10)>0.3),"🟡 تحتاج متابعة","🟢 في المسار")))) -> 🔴 متأخرة | M10: تم ارسال المسودة للرئيس التنفيذي | N10: الرئيس التنفيذي | P10: September
A11: 9 | B11: الانتهاء من سياسات المقاولات | C11: المقاولات | G11: جاري العمل | H11: 0.5 | I11: 45518 | J11: 45565 | K11: =IFERROR(IF(J11="","",IF(G11="مكتملة","✓",J11-TODAY())),"تاريخ غير صحيح") -> -549 | L11: =IF(G11="مكتملة","🟢 مكتملة",IF(G11="لم تبدأ","⚪ لم تبدأ",IF(J11<TODAY(),"🔴 متأخرة",IF(AND(I11<>"",J11<>"",H11<>"",((TODAY()-I11)/(J11-I11)-H11)>0.3),"🟡 تحتاج متابعة","🟢 في المسار")))) -> 🔴 متأخرة | M11: تم استلام مسودة وجاري العمل على تحسينها | N11: المدير التنفيذي للمقاولات - للتحديث | P11: September
A12: 10 | B12: التأمين على الممتلكات | C12: الاستثمار | G12: جاري العمل | H12: 0.75 | I12: 45519 | J12: 45534 | K12: =IFERROR(IF(J12="","",IF(G12="مكتملة","✓",J12-TODAY())),"تاريخ غير صحيح") -> -580 | L12: =IF(G12="مكتملة","🟢 مكتملة",IF(G12="لم تبدأ","⚪ لم تبدأ",IF(J12<TODAY(),"🔴 متأخرة",IF(AND(I12<>"",J12<>"",H12<>"",((TODAY()-I12)/(J12-I12)-H12)>0.3),"🟡 تحتاج متابعة","🟢 في المسار")))) -> 🔴 متأخرة | M12: تم ارسال شهادات انهاء التركيبات (المرقب - القرية - الاحساء) | N12: محمد الحجي - للمتابعة | P12: September
A13: 11 | B13: التمويلات القائمة والمتاحة | C13: الخزينة | G13: مكتملة | H13: 1 | I13: 45536 | J13: 45547 | K13: =IFERROR(IF(J13="","",IF(G13="مكتملة","✓",J13-TODAY())),"تاريخ غير صحيح") -> ✓ | L13: =IF(G13="مكتملة","🟢 مكتملة",IF(G13="لم تبدأ","⚪ لم تبدأ",IF(J13<TODAY(),"🔴 متأخرة",IF(AND(I13<>"",J13<>"",H13<>"",((TODAY()-I13)/(J13-I13)-H13)>0.3),"🟡 تحتاج متابعة","🟢 في المسار")))) -> 🟢 مكتملة | M13: تم استلام | N13: الخزينة | P13: September
A14: 12 | B14: الخطة التشغيلية للقرية الشعبية | C14: الرئيس التنفيذي | G14: جاري العمل | H14: 0.95 | I14: 45480 | K14: =IFERROR(IF(J14="","",IF(G14="مكتملة","✓",J14-TODAY())),"تاريخ غير صحيح") | L14: =IF(G14="مكتملة","🟢 مكتملة",IF(G14="لم تبدأ","⚪ لم تبدأ",IF(J14<TODAY(),"🔴 متأخرة",IF(AND(I14<>"",J14<>"",H14<>"",((TODAY()-I14)/(J14-I14)-H14)>0.3),"🟡 تحتاج متابعة","🟢 في المسار")))) -> 🔴 متأخرة | M14: تم ارسال المسودة للرئيس التنفيذي | N14: الرئيس التنفيذي | P14: September
A15: 13 | B15: الصندوق العقاري | C15: الاستثمار | G15: جاري العمل | H15: 0.5 | I15: 45292 | J15: 45657 | K15: =IFERROR(IF(J15="","",IF(G15="مكتملة","✓",J15-TODAY())),"تاريخ غير صحيح") -> -457 | L15: =IF(G15="مكتملة","🟢 مكتملة",IF(G15="لم تبدأ","⚪ لم تبدأ",IF(J15<TODAY(),"🔴 متأخرة",IF(AND(I15<>"",J15<>"",H15<>"",((TODAY()-I15)/(J15-I15)-H15)>0.3),"🟡 تحتاج متابعة","🟢 في المسار")))) -> 🔴 متأخرة | M15: باقي تعديل اتفاقية التطوير - اتفاقية الايجار المنتهي بالتمليك | N15: الراجحي المالية | P15: September
A16: 14 | B16: المصادقة على رصيد الورثة والتجارة | C16: المدير العام | G16: جاري العمل | H16: 0.5 | I16: 45518 | J16: 45525 | K16: =IFERROR(IF(J16="","",IF(G16="مكتملة","✓",J16-TODAY())),"تاريخ غير صحيح") -> -589 | L16: =IF(G16="مكتملة","🟢 مكتملة",IF(G16="لم تبدأ","⚪ لم تبدأ",IF(J16<TODAY(),"🔴 متأخرة",IF(AND(I16<>"",J16<>"",H16<>"",((TODAY()-I16)/(J16-I16)-H16)>0.3),"🟡 تحتاج متابعة","🟢 في المسار")))) -> 🔴 متأخرة | M16: لايوجد تجاوب | N16: تم التذكير | P16: September
A17: 15 | B17: تحديد خطة حوافز للمرشد للتجارة | C17: المدير العام | G17: جاري العمل | H17: 0.25 | I17: 45536 | J17: 45540 | K17: =IFERROR(IF(J17="","",IF(G17="مكتملة","✓",J17-TODAY())),"تاريخ غير صحيح") -> -574 | L17: =IF(G17="مكتملة","🟢 مكتملة",IF(G17="لم تبدأ","⚪ لم تبدأ",IF(J17<TODAY(),"🔴 متأخرة",IF(AND(I17<>"",J17<>"",H17<>"",((TODAY()-I17)/(J17-I17)-H17)>0.3),"🟡 تحتاج متابعة","🟢 في المسار")))) -> 🔴 متأخرة | M17: تم ارسال بعض الأفكار للإدارة المالية لعمل نموذج مالي | N17: المدير العام - تم التذكير | P17: September
A18: 16 | B18: تطبيق خدمات الامن السيبراني | C18: التقنية | G18: مكتملة | H18: 1 | I18: 45420 | J18: 45535 | K18: =IFERROR(IF(J18="","",IF(G18="مكتملة","✓",J18-TODAY())),"تاريخ غير صحيح") -> ✓ | L18: =IF(G18="مكتملة","🟢 مكتملة",IF(G18="لم تبدأ","⚪ لم تبدأ",IF(J18<TODAY(),"🔴 متأخرة",IF(AND(I18<>"",J18<>"",H18<>"",((TODAY()-I18)/(J18-I18)-H18)>0.3),"🟡 تحتاج متابعة","🟢 في المسار")))) -> 🟢 مكتملة | M18: تم الانتهاء من اعمال التنفيذ | P18: September
A19: 17 | B19: تطوير القرية الشعبية بالاحساء | C19: المشاريع | G19: جاري العمل | H19: 0.9 | I19: 45466 | J19: 45503 | K19: =IFERROR(IF(J19="","",IF(G19="مكتملة","✓",J19-TODAY())),"تاريخ غير صحيح") -> -611 | L19: =IF(G19="مكتملة","🟢 مكتملة",IF(G19="لم تبدأ","⚪ لم تبدأ",IF(J19<TODAY(),"🔴 متأخرة",IF(AND(I19<>"",J19<>"",H19<>"",((TODAY()-I19)/(J19-I19)-H19)>0.3),"🟡 تحتاج متابعة","🟢 في المسار")))) -> 🔴 متأخرة | M19: تم الانتهاء من اعمال المقاولات متبقى اعمال العزل | N19: تم اسناد اعمال العزل مع اعمالنا | P19: September
A20: 18 | B20: تطوير سوق الطائف | C20: المشاريع | G20: جاري العمل | H20: 0.95 | I20: 45454 | J20: 45519 | K20: =IFERROR(IF(J20="","",IF(G20="مكتملة","✓",J20-TODAY())),"تاريخ غير صحيح") -> -595 | L20: =IF(G20="مكتملة","🟢 مكتملة",IF(G20="لم تبدأ","⚪ لم تبدأ",IF(J20<TODAY(),"🔴 متأخرة",IF(AND(I20<>"",J20<>"",H20<>"",((TODAY()-I20)/(J20-I20)-H20)>0.3),"🟡 تحتاج متابعة","🟢 في المسار")))) -> 🔴 متأخرة | M20: متبقي بعض اعمال السور وتوقف المقاول وتم رفع الامر للقانونية | N20: إدارة المشاريع - استلام الموقع | P20: September
A21: 19 | B21: تعديل الهيكل التنظيمي للمرشد للتجارة | C21: المدير العام | G21: مكتملة | H21: 1 | I21: 45530 | J21: 45532 | K21: =IFERROR(IF(J21="","",IF(G21="مكتملة","✓",J21-TODAY())),"تاريخ غير صحيح") -> ✓ | L21: =IF(G21="مكتملة","🟢 مكتملة",IF(G21="لم تبدأ","⚪ لم تبدأ",IF(J21<TODAY(),"🔴 متأخرة",IF(AND(I21<>"",J21<>"",H21<>"",((TODAY()-I21)/(J21-I21)-H21)>0.3),"🟡 تحتاج متابعة","🟢 في المسار")))) -> 🟢 مكتملة | M21: تم استلام التعديل على الهيكل التنظيمي في انتظار التعميم | N21: الرئيس التنفيذي - اعتماد | O21: يعتمد | P21: September
A22: 20 | B22: تعديل خطاب الإدارة من قبل المراجع | C22: المالية | G22: مكتملة | H22: 0.95 | I22: 45518 | J22: 45525 | K22: =IFERROR(IF(J22="","",IF(G22="مكتملة","✓",J22-TODAY())),"تاريخ غير صحيح") -> ✓ | L22: =IF(G22="مكتملة","🟢 مكتملة",IF(G22="لم تبدأ","⚪ لم تبدأ",IF(J22<TODAY(),"🔴 متأخرة",IF(AND(I22<>"",J22<>"",H22<>"",((TODAY()-I22)/(J22-I22)-H22)>0.3),"🟡 تحتاج متابعة","🟢 في المسار")))) -> 🟢 مكتملة | M22: تم الرد من المراجع الخارجي | N22: تم الرفع للجنة المراجعة | P22: September
A23: 21 | B23: تعديل سياسة التأجير | C23: الأصول العقارية | G23: جاري العمل | H23: 0.95 | I23: 45537 | J23: 45550 | K23: =IFERROR(IF(J23="","",IF(G23="مكتملة","✓",J23-TODAY())),"تاريخ غير صحيح") -> -564 | L23: =IF(G23="مكتملة","🟢 مكتملة",IF(G23="لم تبدأ","⚪ لم تبدأ",IF(J23<TODAY(),"🔴 متأخرة",IF(AND(I23<>"",J23<>"",H23<>"",((TODAY()-I23)/(J23-I23)-H23)>0.3),"🟡 تحتاج متابعة","🟢 في المسار")))) -> 🔴 متأخرة | M23: تم ارسال النسخة الأخيرة | N23: الرئيس التنفيذي | P23: September
A24: 22 | B24: تقارير دينامكس | C24: التقنية | G24: مكتملة | H24: 1 | I24: 45447 | J24: 45539 | K24: =IFERROR(IF(J24="","",IF(G24="مكتملة","✓",J24-TODAY())),"تاريخ غير صحيح") -> ✓ | L24: =IF(G24="مكتملة","🟢 مكتملة",IF(G24="لم تبدأ","⚪ لم تبدأ",IF(J24<TODAY(),"🔴 متأخرة",IF(AND(I24<>"",J24<>"",H24<>"",((TODAY()-I24)/(J24-I24)-H24)>0.3),"🟡 تحتاج متابعة","🟢 في المسار")))) -> 🟢 مكتملة | M24: تم رفع التحديث والانتهاء من جميع الملاحظات | P24: September
A25: 23 | B25: تقديم توصية لما يمكن اتلافه من مخزون 2017 الى 2021 | C25: المالية | G25: جاري العمل | H25: 0.9 | I25: 45533 | J25: 45540 | K25: =IFERROR(IF(J25="","",IF(G25="مكتملة","✓",J25-TODAY())),"تاريخ غير صحيح") -> -574 | L25: =IF(G25="مكتملة","🟢 مكتملة",IF(G25="لم تبدأ","⚪ لم تبدأ",IF(J25<TODAY(),"🔴 متأخرة",IF(AND(I25<>"",J25<>"",H25<>"",((TODAY()-I25)/(J25-I25)-H25)>0.3),"🟡 تحتاج متابعة","🟢 في المسار")))) -> 🔴 متأخرة | M25: لم يتم الارسال | N25: المدير العام - للرد والاجتماع مع الإدارة المالية | P25: September
A26: 24 | B26: تقديم خطة بخصوص أوامر الشراء المفتوحة حاليا | C26: المدير العام | G26: مكتملة | H26: 1 | I26: 45533 | J26: 45537 | K26: =IFERROR(IF(J26="","",IF(G26="مكتملة","✓",J26-TODAY())),"تاريخ غير صحيح") -> ✓ | L26: =IF(G26="مكتملة","🟢 مكتملة",IF(G26="لم تبدأ","⚪ لم تبدأ",IF(J26<TODAY(),"🔴 متأخرة",IF(AND(I26<>"",J26<>"",H26<>"",((TODAY()-I26)/(J26-I26)-H26)>0.3),"🟡 تحتاج متابعة","🟢 في المسار")))) -> 🟢 مكتملة | M26: تم تقديم التوصية 9/8 للإدارة المالية للمراجعة وتقديم الرأي | P26: September
A27: 25 | B27: تقديم خطة للتصرف في المخزون لعام 2022 والمقدر بحوالي (5 مليون ريال) | C27: المدير العام | G27: مكتملة | H27: 1 | I27: 45533 | J27: 45546 | K27: =IFERROR(IF(J27="","",IF(G27="مكتملة","✓",J27-TODAY())),"تاريخ غير صحيح") -> ✓ | L27: =IF(G27="مكتملة","🟢 مكتملة",IF(G27="لم تبدأ","⚪ لم تبدأ",IF(J27<TODAY(),"🔴 متأخرة",IF(AND(I27<>"",J27<>"",H27<>"",((TODAY()-I27)/(J27-I27)-H27)>0.3),"🟡 تحتاج متابعة","🟢 في المسار")))) -> 🟢 مكتملة | M27: تم التوصية بخصم اجمال 823 الف | N27: المدير العام له صلاحية توزيع الخصومات | P27: September
A28: 26 | B28: تقييم ارض الاحساء لغرض اثباتها في الدفاتر | C28: تطوير الاعمال | G28: جاري العمل | H28: 0.8 | I28: 45536 | J28: 45547 | K28: =IFERROR(IF(J28="","",IF(G28="مكتملة","✓",J28-TODAY())),"تاريخ غير صحيح") -> -567 | L28: =IF(G28="مكتملة","🟢 مكتملة",IF(G28="لم تبدأ","⚪ لم تبدأ",IF(J28<TODAY(),"🔴 متأخرة",IF(AND(I28<>"",J28<>"",H28<>"",((TODAY()-I28)/(J28-I28)-H28)>0.3),"🟡 تحتاج متابعة","🟢 في المسار")))) -> 🔴 متأخرة | M28: تم تعميد مكتب تقييم ومتوقع الانتهاء خلال اسبوع | N28: إدارة تطوير الاعمال | P28: September
A29: 27 | B29: تكوين لجنة والبدء لجرد المخزون | C29: المالية | G29: مكتملة | H29: 1 | I29: 45533 | J29: 45536 | K29: =IFERROR(IF(J29="","",IF(G29="مكتملة","✓",J29-TODAY())),"تاريخ غير صحيح") -> ✓ | L29: =IF(G29="مكتملة","🟢 مكتملة",IF(G29="لم تبدأ","⚪ لم تبدأ",IF(J29<TODAY(),"🔴 متأخرة",IF(AND(I29<>"",J29<>"",H29<>"",((TODAY()-I29)/(J29-I29)-H29)>0.3),"🟡 تحتاج متابعة","🟢 في المسار")))) -> 🟢 مكتملة | M29: تم تشكيل اللجان المختصة بكل فرع | N29: محمد عبد الحميد | P29: September
A30: 28 | B30: حملة اعلامة لتدشين افتتاح أسواق القرية بالحفر | C30: تطوير الاعمال | G30: مكتملة | H30: 0.5 | I30: 45529 | J30: 45657 | K30: =IFERROR(IF(J30="","",IF(G30="مكتملة","✓",J30-TODAY())),"تاريخ غير صحيح") -> ✓ | L30: =IF(G30="مكتملة","🟢 مكتملة",IF(G30="لم تبدأ","⚪ لم تبدأ",IF(J30<TODAY(),"🔴 متأخرة",IF(AND(I30<>"",J30<>"",H30<>"",((TODAY()-I30)/(J30-I30)-H30)>0.3),"🟡 تحتاج متابعة","🟢 في المسار")))) -> 🟢 مكتملة | M30: تم التواصل مع إدارة تطوير الاعمال على ان يتم البدء قبل نهاية العام | P30: September
A31: 29 | B31: خطة التدفق النقدي لمشروعات اعمالنا للمقاولات | C31: المقاولات | G31: مكتملة | H31: 1 | I31: 45511 | J31: 45534 | K31: =IFERROR(IF(J31="","",IF(G31="مكتملة","✓",J31-TODAY())),"تاريخ غير صحيح") -> ✓ | L31: =IF(G31="مكتملة","🟢 مكتملة",IF(G31="لم تبدأ","⚪ لم تبدأ",IF(J31<TODAY(),"🔴 متأخرة",IF(AND(I31<>"",J31<>"",H31<>"",((TODAY()-I31)/(J31-I31)-H31)>0.3),"🟡 تحتاج متابعة","🟢 في المسار")))) -> 🟢 مكتملة | M31: تم الاستلام بتاريخ 9/9 | N31: المدير التنفيذي للمقاولات - باقي المشاريع | P31: September
A32: 30 | B32: خطة المقاول لتحقيق النسبة المخطط لها 73% بنهاية 2024 | C32: المشاريع | G32: مكتملة | H32: 1 | I32: 45536 | J32: 45540 | K32: =IFERROR(IF(J32="","",IF(G32="مكتملة","✓",J32-TODAY())),"تاريخ غير صحيح") -> ✓ | L32: =IF(G32="مكتملة","🟢 مكتملة",IF(G32="لم تبدأ","⚪ لم تبدأ",IF(J32<TODAY(),"🔴 متأخرة",IF(AND(I32<>"",J32<>"",H32<>"",((TODAY()-I32)/(J32-I32)-H32)>0.3),"🟡 تحتاج متابعة","🟢 في المسار")))) -> 🟢 مكتملة | M32: تم استلام خطة المقاول واعتمادها من الاستشاري | N32: تم الاستلام | P32: September
A33: 31 | B33: خطة عدد المستأجرين وعقودهم | C33: الأصول العقارية | G33: مكتملة | H33: 1 | I33: 45537 | J33: 45550 | K33: =IFERROR(IF(J33="","",IF(G33="مكتملة","✓",J33-TODAY())),"تاريخ غير صحيح") -> ✓ | L33: =IF(G33="مكتملة","🟢 مكتملة",IF(G33="لم تبدأ","⚪ لم تبدأ",IF(J33<TODAY(),"🔴 متأخرة",IF(AND(I33<>"",J33<>"",H33<>"",((TODAY()-I33)/(J33-I33)-H33)>0.3),"🟡 تحتاج متابعة","🟢 في المسار")))) -> 🟢 مكتملة | M33: تم الارسال من الأصول العقارية | N33: تم ارسال المتطلبات بتاريخه 8/9 | P33: September
A34: 32 | B34: دراسة الإستحواذ على حصة الشركاء بالشركة العربية | C34: الاستثمار | G34: جاري العمل | H34: 0.95 | I34: 45536 | J34: 45555 | K34: =IFERROR(IF(J34="","",IF(G34="مكتملة","✓",J34-TODAY())),"تاريخ غير صحيح") -> -559 | L34: =IF(G34="مكتملة","🟢 مكتملة",IF(G34="لم تبدأ","⚪ لم تبدأ",IF(J34<TODAY(),"🔴 متأخرة",IF(AND(I34<>"",J34<>"",H34<>"",((TODAY()-I34)/(J34-I34)-H34)>0.3),"🟡 تحتاج متابعة","🟢 في المسار")))) -> 🔴 متأخرة | M34: تم الانتهاء من الدراسة | N34: الرئيس التنفيذي | P34: September
A35: 33 | B35: دراسة بيع 30% من مشروع اشبيلية | C35: الاستثمار | G35: جاري العمل | H35: 0.95 | I35: 45536 | J35: 45580 | K35: =IFERROR(IF(J35="","",IF(G35="مكتملة","✓",J35-TODAY())),"تاريخ غير صحيح") -> -534 | L35: =IF(G35="مكتملة","🟢 مكتملة",IF(G35="لم تبدأ","⚪ لم تبدأ",IF(J35<TODAY(),"🔴 متأخرة",IF(AND(I35<>"",J35<>"",H35<>"",((TODAY()-I35)/(J35-I35)-H35)>0.3),"🟡 تحتاج متابعة","🟢 في المسار")))) -> 🔴 متأخرة | M35: تم الانتهاء من الدراسة | N35: الرئيس التنفيذي | P35: September
A36: 34 | B36: دراسة جدوى القطاع التجاري | C36: المدير العام | G36: جاري العمل | H36: 0.85 | I36: 45496 | J36: 45554 | K36: =IFERROR(IF(J36="","",IF(G36="مكتملة","✓",J36-TODAY())),"تاريخ غير صحيح") -> -560 | L36: =IF(G36="مكتملة","🟢 مكتملة",IF(G36="لم تبدأ","⚪ لم تبدأ",IF(J36<TODAY(),"🔴 متأخرة",IF(AND(I36<>"",J36<>"",H36<>"",((TODAY()-I36)/(J36-I36)-H36)>0.3),"🟡 تحتاج متابعة","🟢 في المسار")))) -> 🔴 متأخرة | M36: تم استلام الإصدار الأول من التقرير | N36: المرشد للتجارة - الإدارة المالية - الاستثمار للمراجعة | P36: September
A37: 35 | B37: دراسة حركة المرور بسوق خضار المدينة | C37: المشاريع | G37: جاري العمل | H37: 0.95 | I37: 45431 | J37: 45519 | K37: =IFERROR(IF(J37="","",IF(G37="مكتملة","✓",J37-TODAY())),"تاريخ غير صحيح") -> -595 | L37: =IF(G37="مكتملة","🟢 مكتملة",IF(G37="لم تبدأ","⚪ لم تبدأ",IF(J37<TODAY(),"🔴 متأخرة",IF(AND(I37<>"",J37<>"",H37<>"",((TODAY()-I37)/(J37-I37)-H37)>0.3),"🟡 تحتاج متابعة","🟢 في المسار")))) -> 🔴 متأخرة | M37: تم ارسال العروض للرئيس التنفيذي | N37: الرئيس التنفيذي - On Hold | P37: September
A38: 36 | B38: ربط الدينامكس مع منصة الزكاة | C38: التقنية | G38: مكتملة | H38: 1 | I38: 45522 | J38: 45555 | K38: =IFERROR(IF(J38="","",IF(G38="مكتملة","✓",J38-TODAY())),"تاريخ غير صحيح") -> ✓ | L38: =IF(G38="مكتملة","🟢 مكتملة",IF(G38="لم تبدأ","⚪ لم تبدأ",IF(J38<TODAY(),"🔴 متأخرة",IF(AND(I38<>"",J38<>"",H38<>"",((TODAY()-I38)/(J38-I38)-H38)>0.3),"🟡 تحتاج متابعة","🟢 في المسار")))) -> 🟢 مكتملة | M38: بانظار تحديد الموعد والبدء بعمل التجارب خلال شهر | N38: تم الانتهاء من الفواتير الالكترونية | P38: September
A39: 37 | B39: صلاحيات المبيعات والمشتريات بالدينامكس | C39: التقنية | G39: مكتملة | H39: 1 | I39: 45543 | J39: 45550 | K39: =IFERROR(IF(J39="","",IF(G39="مكتملة","✓",J39-TODAY())),"تاريخ غير صحيح") -> ✓ | L39: =IF(G39="مكتملة","🟢 مكتملة",IF(G39="لم تبدأ","⚪ لم تبدأ",IF(J39<TODAY(),"🔴 متأخرة",IF(AND(I39<>"",J39<>"",H39<>"",((TODAY()-I39)/(J39-I39)-H39)>0.3),"🟡 تحتاج متابعة","🟢 في المسار")))) -> 🟢 مكتملة | M39: تم إتمام الصلاحيات وتنفيذ المطلوب | N39: التقنية - إتمام الصلاحيات على النظام | P39: September
A40: 38 | B40: صيانة سوق المرقب | C40: المشاريع | G40: جاري العمل | H40: 0.9 | I40: 45448 | J40: 45559 | K40: =IFERROR(IF(J40="","",IF(G40="مكتملة","✓",J40-TODAY())),"تاريخ غير صحيح") -> -555 | L40: =IF(G40="مكتملة","🟢 مكتملة",IF(G40="لم تبدأ","⚪ لم تبدأ",IF(J40<TODAY(),"🔴 متأخرة",IF(AND(I40<>"",J40<>"",H40<>"",((TODAY()-I40)/(J40-I40)-H40)>0.3),"🟡 تحتاج متابعة","🟢 في المسار")))) -> 🔴 متأخرة | M40: متبقى دورات المياة - ويتم التجديد على مراحل كل مرحلة دورة مياة واحدة | N40: إدارة المشاريع - استلام الموقع | P40: September
A41: 39 | B41: عقود التخارج من المرشد الزراعية | C41: الادارة القانونية | G41: مكتملة | I41: 45536 | K41: =IFERROR(IF(J41="","",IF(G41="مكتملة","✓",J41-TODAY())),"تاريخ غير صحيح") | L41: =IF(G41="مكتملة","🟢 مكتملة",IF(G41="لم تبدأ","⚪ لم تبدأ",IF(J41<TODAY(),"🔴 متأخرة",IF(AND(I41<>"",J41<>"",H41<>"",((TODAY()-I41)/(J41-I41)-H41)>0.3),"🟡 تحتاج متابعة","🟢 في المسار")))) -> 🟢 مكتملة | M41: تم المناقشة مع الإدارة القانونية والمدير العام | P41: September
A42: 40 | B42: عمل توصية بشطب مخصصات الأصول العقارية | C42: المالية | G42: مكتملة | H42: 1 | I42: 45428 | J42: 45540 | K42: =IFERROR(IF(J42="","",IF(G42="مكتملة","✓",J42-TODAY())),"تاريخ غير صحيح") -> ✓ | L42: =IF(G42="مكتملة","🟢 مكتملة",IF(G42="لم تبدأ","⚪ لم تبدأ",IF(J42<TODAY(),"🔴 متأخرة",IF(AND(I42<>"",J42<>"",H42<>"",((TODAY()-I42)/(J42-I42)-H42)>0.3),"🟡 تحتاج متابعة","🟢 في المسار")))) -> 🟢 مكتملة | M42: تم اكتمال ارسال كافة طلبات لجنة المراجعة المرفقة مع التوصية | N42: لجنة المراجعة - اعتماد الشطب | P42: September
A43: 41 | B43: فصل المولدات (تقنية) | C43: التقنية | G43: مكتملة | H43: 1 | I43: 45446 | J43: 45565 | K43: =IFERROR(IF(J43="","",IF(G43="مكتملة","✓",J43-TODAY())),"تاريخ غير صحيح") -> ✓ | L43: =IF(G43="مكتملة","🟢 مكتملة",IF(G43="لم تبدأ","⚪ لم تبدأ",IF(J43<TODAY(),"🔴 متأخرة",IF(AND(I43<>"",J43<>"",H43<>"",((TODAY()-I43)/(J43-I43)-H43)>0.3),"🟡 تحتاج متابعة","🟢 في المسار")))) -> 🟢 مكتملة | M43: تم الفصل - دينامكس والايميلات | N43: تم الانتهاء | P43: September
A44: 42 | B44: متابعة خطة عمل موازنة 2025 | C44: المالية | G44: جاري العمل | H44: 0.3 | I44: 45537 | J44: 45611 | K44: =IFERROR(IF(J44="","",IF(G44="مكتملة","✓",J44-TODAY())),"تاريخ غير صحيح") -> -503 | L44: =IF(G44="مكتملة","🟢 مكتملة",IF(G44="لم تبدأ","⚪ لم تبدأ",IF(J44<TODAY(),"🔴 متأخرة",IF(AND(I44<>"",J44<>"",H44<>"",((TODAY()-I44)/(J44-I44)-H44)>0.3),"🟡 تحتاج متابعة","🟢 في المسار")))) -> 🔴 متأخرة | M44: حسب خطة العمل المقدمة من إدارة الموازنة | N44: المتابعة على الجدول الزمني الخاص باعداد الموازنة | P44: September
A45: 43 | B45: متطلبات إدارة الأصول من المالية | C45: المالية | G45: مكتملة | H45: 1 | I45: 45536 | J45: 45538 | K45: =IFERROR(IF(J45="","",IF(G45="مكتملة","✓",J45-TODAY())),"تاريخ غير صحيح") -> ✓ | L45: =IF(G45="مكتملة","🟢 مكتملة",IF(G45="لم تبدأ","⚪ لم تبدأ",IF(J45<TODAY(),"🔴 متأخرة",IF(AND(I45<>"",J45<>"",H45<>"",((TODAY()-I45)/(J45-I45)-H45)>0.3),"🟡 تحتاج متابعة","🟢 في المسار")))) -> 🟢 مكتملة | M45: تم الارسال | P45: September
A46: 44 | B46: متطلبات الTDF | C46: المالية | G46: مكتملة | H46: 1 | I46: 45487 | J46: 45531 | K46: =IFERROR(IF(J46="","",IF(G46="مكتملة","✓",J46-TODAY())),"تاريخ غير صحيح") -> ✓ | L46: =IF(G46="مكتملة","🟢 مكتملة",IF(G46="لم تبدأ","⚪ لم تبدأ",IF(J46<TODAY(),"🔴 متأخرة",IF(AND(I46<>"",J46<>"",H46<>"",((TODAY()-I46)/(J46-I46)-H46)>0.3),"🟡 تحتاج متابعة","🟢 في المسار")))) -> 🟢 مكتملة | M46: تم الرد بجميع المتطلبات والمتابعة لتحديث الطلبات ان وجدت | N46: الخزينة - المتابعة مع الصندوق | P46: September
A47: 45 | B47: مستشار الدفاع المدني (لاصدار التراخيص) | C47: المشاريع | G47: جاري العمل | H47: 0.7 | I47: 45517 | J47: 45535 | K47: =IFERROR(IF(J47="","",IF(G47="مكتملة","✓",J47-TODAY())),"تاريخ غير صحيح") -> -579 | L47: =IF(G47="مكتملة","🟢 مكتملة",IF(G47="لم تبدأ","⚪ لم تبدأ",IF(J47<TODAY(),"🔴 متأخرة",IF(AND(I47<>"",J47<>"",H47<>"",((TODAY()-I47)/(J47-I47)-H47)>0.3),"🟡 تحتاج متابعة","🟢 في المسار")))) -> 🔴 متأخرة | M47: التوصية من إدارة الصيانة بتأجيل العمل معهم لعدم الحاجة | N47: الرئيس التنفيذي | P47: September
A48: 46 | B48: مستند بين القابضة والمقاولات بخصوص التمويلات | C48: الخزينة | G48: جاري العمل | H48: 0.5 | I48: 45536 | J48: 45547 | K48: =IFERROR(IF(J48="","",IF(G48="مكتملة","✓",J48-TODAY())),"تاريخ غير صحيح") -> -567 | L48: =IF(G48="مكتملة","🟢 مكتملة",IF(G48="لم تبدأ","⚪ لم تبدأ",IF(J48<TODAY(),"🔴 متأخرة",IF(AND(I48<>"",J48<>"",H48<>"",((TODAY()-I48)/(J48-I48)-H48)>0.3),"🟡 تحتاج متابعة","🟢 في المسار")))) -> 🔴 متأخرة | M48: تم التوصية من القانونية بعمل إقرار بالمديونية من قبل المقاولات | N48: القانونية - المالية متابعة اصدار الإقرار من المرشد للمقاولات | P48: September
A49: 47 | B49: نظام لادارة القضايا | C49: الادارة القانونية | G49: جاري العمل | H49: 0.5 | I49: 45518 | J49: 45565 | K49: =IFERROR(IF(J49="","",IF(G49="مكتملة","✓",J49-TODAY())),"تاريخ غير صحيح") -> -549 | L49: =IF(G49="مكتملة","🟢 مكتملة",IF(G49="لم تبدأ","⚪ لم تبدأ",IF(J49<TODAY(),"🔴 متأخرة",IF(AND(I49<>"",J49<>"",H49<>"",((TODAY()-I49)/(J49-I49)-H49)>0.3),"🟡 تحتاج متابعة","🟢 في المسار")))) -> 🔴 متأخرة | M49: تم استلام توصية من التقنية | N49: الرئيس التنفيذي | P49: September
A50: 48 | B50: وضع التكاليف التقديرية لمشاريع المقاولات لشركة اعمالنا | C50: المقاولات | G50: جاري العمل | H50: 0.95 | I50: 45518 | J50: 45525 | K50: =IFERROR(IF(J50="","",IF(G50="مكتملة","✓",J50-TODAY())),"تاريخ غير صحيح") -> -589 | L50: =IF(G50="مكتملة","🟢 مكتملة",IF(G50="لم تبدأ","⚪ لم تبدأ",IF(J50<TODAY(),"🔴 متأخرة",IF(AND(I50<>"",J50<>"",H50<>"",((TODAY()-I50)/(J50-I50)-H50)>0.3),"🟡 تحتاج متابعة","🟢 في المسار")))) -> 🔴 متأخرة | M50: تم الاستلام والتوجيه لادارة المشاريع للاعتماد (في انتظار م اشرف الأسبوع القادم) | N50: إدارة المشاريع - الاعتماد - بنهاية الأسبوع القادم | P50: September
A51: 49 | B51: وضع حل للمصادقة على ارصدة عملاء الأصول العقارية | C51: المالية | G51: جاري العمل | H51: 0.8 | I51: 45518 | J51: 45565 | K51: =IFERROR(IF(J51="","",IF(G51="مكتملة","✓",J51-TODAY())),"تاريخ غير صحيح") -> -549 | L51: =IF(G51="مكتملة","🟢 مكتملة",IF(G51="لم تبدأ","⚪ لم تبدأ",IF(J51<TODAY(),"🔴 متأخرة",IF(AND(I51<>"",J51<>"",H51<>"",((TODAY()-I51)/(J51-I51)-H51)>0.3),"🟡 تحتاج متابعة","🟢 في المسار")))) -> 🔴 متأخرة | M51: تم استلام التوصية | N51: الرئيس التنفيذي | P51: September
A52: 50 | B52: استراتيجية الاستثمار | C52: الاستثمار | G52: مكتملة | H52: 1 | I52: 45537 | J52: 45566 | K52: =IFERROR(IF(J52="","",IF(G52="مكتملة","✓",J52-TODAY())),"تاريخ غير صحيح") -> ✓ | L52: =IF(G52="مكتملة","🟢 مكتملة",IF(G52="لم تبدأ","⚪ لم تبدأ",IF(J52<TODAY(),"🔴 متأخرة",IF(AND(I52<>"",J52<>"",H52<>"",((TODAY()-I52)/(J52-I52)-H52)>0.3),"🟡 تحتاج متابعة","🟢 في المسار")))) -> 🟢 مكتملة | M52: تم ارسال المسودة للرئيس التنفيذي | N52: الرئيس التنفيذي | P52: October
A53: 51 | B53: استلام محلات وشقق سوق ينبع - توسعة المعاشق | C53: المشاريع | G53: جاري العمل | H53: 0.5 | I53: 45553 | J53: 45560 | K53: =IFERROR(IF(J53="","",IF(G53="مكتملة","✓",J53-TODAY())),"تاريخ غير صحيح") -> -554 | L53: =IF(G53="مكتملة","🟢 مكتملة",IF(G53="لم تبدأ","⚪ لم تبدأ",IF(J53<TODAY(),"🔴 متأخرة",IF(AND(I53<>"",J53<>"",H53<>"",((TODAY()-I53)/(J53-I53)-H53)>0.3),"🟡 تحتاج متابعة","🟢 في المسار")))) -> 🔴 متأخرة | M53: تم استلام المبنى ومتبقى وصلة المياه | N53: جاري العمل مع المقاول على انهاء وصلة المياه | P53: October
A54: 52 | B54: الانتهاء من سياسات الإدارة القانونية | C54: الادارة القانونية | G54: مكتملة | H54: 1 | I54: 45518 | J54: 45565 | K54: =IFERROR(IF(J54="","",IF(G54="مكتملة","✓",J54-TODAY())),"تاريخ غير صحيح") -> ✓ | L54: =IF(G54="مكتملة","🟢 مكتملة",IF(G54="لم تبدأ","⚪ لم تبدأ",IF(J54<TODAY(),"🔴 متأخرة",IF(AND(I54<>"",J54<>"",H54<>"",((TODAY()-I54)/(J54-I54)-H54)>0.3),"🟡 تحتاج متابعة","🟢 في المسار")))) -> 🟢 مكتملة | M54: تم ارسال المسودة للرئيس التنفيذي | N54: الرئيس التنفيذي | P54: October
A55: 53 | B55: الانتهاء من سياسات المقاولات | C55: المقاولات | G55: جاري العمل | H55: 0.5 | I55: 45518 | J55: 45565 | K55: =IFERROR(IF(J55="","",IF(G55="مكتملة","✓",J55-TODAY())),"تاريخ غير صحيح") -> -549 | L55: =IF(G55="مكتملة","🟢 مكتملة",IF(G55="لم تبدأ","⚪ لم تبدأ",IF(J55<TODAY(),"🔴 متأخرة",IF(AND(I55<>"",J55<>"",H55<>"",((TODAY()-I55)/(J55-I55)-H55)>0.3),"🟡 تحتاج متابعة","🟢 في المسار")))) -> 🔴 متأخرة | M55: تم استلام مسودة وجاري العمل على تحسينها | N55: المدير التنفيذي للمقاولات - للتحديث | O55: on hold | P55: October
A56: 54 | B56: التأمين على الممتلكات | C56: الاستثمار | G56: جاري العمل | H56: 0.75 | I56: 45519 | J56: 45534 | K56: =IFERROR(IF(J56="","",IF(G56="مكتملة","✓",J56-TODAY())),"تاريخ غير صحيح") -> -580 | L56: =IF(G56="مكتملة","🟢 مكتملة",IF(G56="لم تبدأ","⚪ لم تبدأ",IF(J56<TODAY(),"🔴 متأخرة",IF(AND(I56<>"",J56<>"",H56<>"",((TODAY()-I56)/(J56-I56)-H56)>0.3),"🟡 تحتاج متابعة","🟢 في المسار")))) -> 🔴 متأخرة | M56: جاري تفعيل الوثيقة | N56: سوق المرقب - قرية الاحساء - القرية الشعبية بالرياض | P56: October
A57: 55 | B57: التدقيق على صلاحيات المبيعات والمشتريات في التجارة | C57: المراجعة | G57: جاري العمل | I57: 45586 | J57: 45611 | K57: =IFERROR(IF(J57="","",IF(G57="مكتملة","✓",J57-TODAY())),"تاريخ غير صحيح") -> -503 | L57: =IF(G57="مكتملة","🟢 مكتملة",IF(G57="لم تبدأ","⚪ لم تبدأ",IF(J57<TODAY(),"🔴 متأخرة",IF(AND(I57<>"",J57<>"",H57<>"",((TODAY()-I57)/(J57-I57)-H57)>0.3),"🟡 تحتاج متابعة","🟢 في المسار")))) -> 🔴 متأخرة | M57: جاري العمل والتقرير يوم الاحد القادم | N57: التقنية | P57: October
A58: 56 | B58: الخطة التشغيلية للقرية الشعبية | C58: الرئيس التنفيذي | G58: جاري العمل | H58: 1 | I58: 45480 | K58: =IFERROR(IF(J58="","",IF(G58="مكتملة","✓",J58-TODAY())),"تاريخ غير صحيح") | L58: =IF(G58="مكتملة","🟢 مكتملة",IF(G58="لم تبدأ","⚪ لم تبدأ",IF(J58<TODAY(),"🔴 متأخرة",IF(AND(I58<>"",J58<>"",H58<>"",((TODAY()-I58)/(J58-I58)-H58)>0.3),"🟡 تحتاج متابعة","🟢 في المسار")))) -> 🔴 متأخرة | M58: تم ارسال المسودة للرئيس التنفيذي | N58: الرئيس التنفيذي | O58: للعرض على درة اشبيلية مع الخضيرة | P58: October
A59: 57 | B59: الرد على ملاحظات المراجع الخارجي للامن السيبراني | C59: التقنية | G59: مكتملة | H59: 1 | I59: 45585 | J59: 45589 | K59: =IFERROR(IF(J59="","",IF(G59="مكتملة","✓",J59-TODAY())),"تاريخ غير صحيح") -> ✓ | L59: =IF(G59="مكتملة","🟢 مكتملة",IF(G59="لم تبدأ","⚪ لم تبدأ",IF(J59<TODAY(),"🔴 متأخرة",IF(AND(I59<>"",J59<>"",H59<>"",((TODAY()-I59)/(J59-I59)-H59)>0.3),"🟡 تحتاج متابعة","🟢 في المسار")))) -> 🟢 مكتملة | M59: تم الرد وارسال التعليقات من التقنية | N59: التنقية | P59: October
A60: 58 | B60: الصندوق العقاري | C60: الاستثمار | G60: جاري العمل | H60: 0.5 | I60: 45292 | J60: 45657 | K60: =IFERROR(IF(J60="","",IF(G60="مكتملة","✓",J60-TODAY())),"تاريخ غير صحيح") -> -457 | L60: =IF(G60="مكتملة","🟢 مكتملة",IF(G60="لم تبدأ","⚪ لم تبدأ",IF(J60<TODAY(),"🔴 متأخرة",IF(AND(I60<>"",J60<>"",H60<>"",((TODAY()-I60)/(J60-I60)-H60)>0.3),"🟡 تحتاج متابعة","🟢 في المسار")))) -> 🔴 متأخرة | M60: متوقف حاليا | N60: جاري البحث عن بديل لارض خميس مشيط | P60: October
A61: 59 | B61: الكهرباء في حفر الباطن | C61: المشاريع | G61: مكتملة | I61: 45595 | K61: =IFERROR(IF(J61="","",IF(G61="مكتملة","✓",J61-TODAY())),"تاريخ غير صحيح") | L61: =IF(G61="مكتملة","🟢 مكتملة",IF(G61="لم تبدأ","⚪ لم تبدأ",IF(J61<TODAY(),"🔴 متأخرة",IF(AND(I61<>"",J61<>"",H61<>"",((TODAY()-I61)/(J61-I61)-H61)>0.3),"🟡 تحتاج متابعة","🟢 في المسار")))) -> 🟢 مكتملة | M61: تم تقديم خطاب للامانة وللكهرباء | P61: October
A62: 60 | B62: المصادقة على رصيد الورثة والتجارة | C62: المدير العام | G62: جاري العمل | H62: 0.5 | I62: 45518 | J62: 45525 | K62: =IFERROR(IF(J62="","",IF(G62="مكتملة","✓",J62-TODAY())),"تاريخ غير صحيح") -> -589 | L62: =IF(G62="مكتملة","🟢 مكتملة",IF(G62="لم تبدأ","⚪ لم تبدأ",IF(J62<TODAY(),"🔴 متأخرة",IF(AND(I62<>"",J62<>"",H62<>"",((TODAY()-I62)/(J62-I62)-H62)>0.3),"🟡 تحتاج متابعة","🟢 في المسار")))) -> 🔴 متأخرة | M62: تم تسجيل فاتورة وباقي فاتورتين | N62: م. فراس للمناقشة مع الورثة لتسجيل الفواتير | P62: October
A63: 61 | B63: تطوير القرية الشعبية بالاحساء | C63: المشاريع | G63: مكتملة | H63: 1 | I63: 45466 | J63: 45503 | K63: =IFERROR(IF(J63="","",IF(G63="مكتملة","✓",J63-TODAY())),"تاريخ غير صحيح") -> ✓ | L63: =IF(G63="مكتملة","🟢 مكتملة",IF(G63="لم تبدأ","⚪ لم تبدأ",IF(J63<TODAY(),"🔴 متأخرة",IF(AND(I63<>"",J63<>"",H63<>"",((TODAY()-I63)/(J63-I63)-H63)>0.3),"🟡 تحتاج متابعة","🟢 في المسار")))) -> 🟢 مكتملة | M63: تم الانتهاء من اعمال المقاولات متبقى اعمال العزل | N63: تم استلام المشروع | P63: October
A64: 62 | B64: تطوير سوق الطائف | C64: المشاريع | G64: جاري العمل | H64: 0.95 | I64: 45454 | J64: 45519 | K64: =IFERROR(IF(J64="","",IF(G64="مكتملة","✓",J64-TODAY())),"تاريخ غير صحيح") -> -595 | L64: =IF(G64="مكتملة","🟢 مكتملة",IF(G64="لم تبدأ","⚪ لم تبدأ",IF(J64<TODAY(),"🔴 متأخرة",IF(AND(I64<>"",J64<>"",H64<>"",((TODAY()-I64)/(J64-I64)-H64)>0.3),"🟡 تحتاج متابعة","🟢 في المسار")))) -> 🔴 متأخرة | M64: تم طلب فيديو | N64: تم ارسال خطاب للمقاول وسيتم التسليم في خلال 15 يوم | O64: فيديو للمشروع توضيح التطورات | P64: October
A65: 63 | B65: تعديل رخص البناء في مشروع اشبيلية | C65: المشاريع | G65: مكتملة | I65: 45595 | K65: =IFERROR(IF(J65="","",IF(G65="مكتملة","✓",J65-TODAY())),"تاريخ غير صحيح") | L65: =IF(G65="مكتملة","🟢 مكتملة",IF(G65="لم تبدأ","⚪ لم تبدأ",IF(J65<TODAY(),"🔴 متأخرة",IF(AND(I65<>"",J65<>"",H65<>"",((TODAY()-I65)/(J65-I65)-H65)>0.3),"🟡 تحتاج متابعة","🟢 في المسار")))) -> 🟢 مكتملة | M65: لتصبح باسم درة اشبيلية | P65: October
A66: 64 | B66: تعديل سياسة التأجير | C66: الأصول العقارية | G66: مكتملة | H66: 1 | I66: 45537 | J66: 45550 | K66: =IFERROR(IF(J66="","",IF(G66="مكتملة","✓",J66-TODAY())),"تاريخ غير صحيح") -> ✓ | L66: =IF(G66="مكتملة","🟢 مكتملة",IF(G66="لم تبدأ","⚪ لم تبدأ",IF(J66<TODAY(),"🔴 متأخرة",IF(AND(I66<>"",J66<>"",H66<>"",((TODAY()-I66)/(J66-I66)-H66)>0.3),"🟡 تحتاج متابعة","🟢 في المسار")))) -> 🟢 مكتملة | M66: تم ارسال النسخة الأخيرة | N66: الرئيس التنفيذي | P66: October
A67: 65 | B67: تقديم استراتيجية التجارة | C67: المدير العام | G67: مكتملة | I67: 45595 | J67: 45606 | K67: =IFERROR(IF(J67="","",IF(G67="مكتملة","✓",J67-TODAY())),"تاريخ غير صحيح") -> ✓ | L67: =IF(G67="مكتملة","🟢 مكتملة",IF(G67="لم تبدأ","⚪ لم تبدأ",IF(J67<TODAY(),"🔴 متأخرة",IF(AND(I67<>"",J67<>"",H67<>"",((TODAY()-I67)/(J67-I67)-H67)>0.3),"🟡 تحتاج متابعة","🟢 في المسار")))) -> 🟢 مكتملة | M67: تم التوجيه على التسليم يوم 9/11 | P67: October
A68: 66 | B68: تقديم توصية لما يمكن اتلافه من مخزون 2017 الى 2021 | C68: المالية | G68: جاري العمل | H68: 0.9 | I68: 45533 | J68: 45589 | K68: =IFERROR(IF(J68="","",IF(G68="مكتملة","✓",J68-TODAY())),"تاريخ غير صحيح") -> -525 | L68: =IF(G68="مكتملة","🟢 مكتملة",IF(G68="لم تبدأ","⚪ لم تبدأ",IF(J68<TODAY(),"🔴 متأخرة",IF(AND(I68<>"",J68<>"",H68<>"",((TODAY()-I68)/(J68-I68)-H68)>0.3),"🟡 تحتاج متابعة","🟢 في المسار")))) -> 🔴 متأخرة | M68: تم الاتفاق على تقديم التوصية باعدام المواد المنتهية فقط | N68: المدير العام - نائب الرئيس للمالية | O68: تقديم التوصية من م خالد | P68: October
A69: 67 | B69: تقديم مقترح لتعديل سياسة مخصص المخزون بالنسبة لمواد ال CP | C69: المدير العام | G69: جاري العمل | I69: 45586 | J69: 45593 | K69: =IFERROR(IF(J69="","",IF(G69="مكتملة","✓",J69-TODAY())),"تاريخ غير صحيح") -> -521 | L69: =IF(G69="مكتملة","🟢 مكتملة",IF(G69="لم تبدأ","⚪ لم تبدأ",IF(J69<TODAY(),"🔴 متأخرة",IF(AND(I69<>"",J69<>"",H69<>"",((TODAY()-I69)/(J69-I69)-H69)>0.3),"🟡 تحتاج متابعة","🟢 في المسار")))) -> 🔴 متأخرة | M69: تم التذكير | P69: October
A70: 68 | B70: تقديم مقترح منفصل للهيكل الوظيفي الجديد | C70: الموارد البشرية | G70: جاري العمل | H70: 0.5 | I70: 45585 | J70: 45589 | K70: =IFERROR(IF(J70="","",IF(G70="مكتملة","✓",J70-TODAY())),"تاريخ غير صحيح") -> -525 | L70: =IF(G70="مكتملة","🟢 مكتملة",IF(G70="لم تبدأ","⚪ لم تبدأ",IF(J70<TODAY(),"🔴 متأخرة",IF(AND(I70<>"",J70<>"",H70<>"",((TODAY()-I70)/(J70-I70)-H70)>0.3),"🟡 تحتاج متابعة","🟢 في المسار")))) -> 🔴 متأخرة | M70: تم الارسال للموارد البشرية | N70: للمراجعة ثم للعرض على الرئيس | P70: October
A71: 69 | B71: تقييم ارض الاحساء لغرض اثباتها في الدفاتر | C71: تطوير الاعمال | G71: مكتملة | H71: 1 | I71: 45536 | J71: 45580 | K71: =IFERROR(IF(J71="","",IF(G71="مكتملة","✓",J71-TODAY())),"تاريخ غير صحيح") -> ✓ | L71: =IF(G71="مكتملة","🟢 مكتملة",IF(G71="لم تبدأ","⚪ لم تبدأ",IF(J71<TODAY(),"🔴 متأخرة",IF(AND(I71<>"",J71<>"",H71<>"",((TODAY()-I71)/(J71-I71)-H71)>0.3),"🟡 تحتاج متابعة","🟢 في المسار")))) -> 🟢 مكتملة | M71: تم استلام التقييم | N71: إدارة تطوير الاعمال | P71: October
A72: 70 | B72: تقييم ارض الخزامى | C72: الاستثمار | G72: مكتملة | H72: 1 | K72: =IFERROR(IF(J72="","",IF(G72="مكتملة","✓",J72-TODAY())),"تاريخ غير صحيح") | L72: =IF(G72="مكتملة","🟢 مكتملة",IF(G72="لم تبدأ","⚪ لم تبدأ",IF(J72<TODAY(),"🔴 متأخرة",IF(AND(I72<>"",J72<>"",H72<>"",((TODAY()-I72)/(J72-I72)-H72)>0.3),"🟡 تحتاج متابعة","🟢 في المسار")))) -> 🟢 مكتملة | M72: تم التقييم | N72: تم ارسال التقييم للمالية لاثبات الدفاتر | P72: October
A73: 71 | B73: دراسة الإستحواذ على حصة الشركاء بالشركة العربية | C73: الاستثمار | G73: مكتملة | H73: 1 | I73: 45536 | J73: 45570 | K73: =IFERROR(IF(J73="","",IF(G73="مكتملة","✓",J73-TODAY())),"تاريخ غير صحيح") -> ✓ | L73: =IF(G73="مكتملة","🟢 مكتملة",IF(G73="لم تبدأ","⚪ لم تبدأ",IF(J73<TODAY(),"🔴 متأخرة",IF(AND(I73<>"",J73<>"",H73<>"",((TODAY()-I73)/(J73-I73)-H73)>0.3),"🟡 تحتاج متابعة","🟢 في المسار")))) -> 🟢 مكتملة | M73: تم الانتهاء من الدراسة | N73: الرئيس التنفيذي | P73: October
A74: 72 | B74: دراسة بيع 30% من مشروع اشبيلية | C74: الاستثمار | G74: مكتملة | H74: 1 | I74: 45536 | J74: 45570 | K74: =IFERROR(IF(J74="","",IF(G74="مكتملة","✓",J74-TODAY())),"تاريخ غير صحيح") -> ✓ | L74: =IF(G74="مكتملة","🟢 مكتملة",IF(G74="لم تبدأ","⚪ لم تبدأ",IF(J74<TODAY(),"🔴 متأخرة",IF(AND(I74<>"",J74<>"",H74<>"",((TODAY()-I74)/(J74-I74)-H74)>0.3),"🟡 تحتاج متابعة","🟢 في المسار")))) -> 🟢 مكتملة | M74: تم الانتهاء من الدراسة | N74: تم التقديم للرئيس | P74: October
A75: 73 | B75: دراسة جدوى القطاع التجاري | C75: المدير العام | G75: جاري العمل | H75: 0.85 | I75: 45496 | J75: 45554 | K75: =IFERROR(IF(J75="","",IF(G75="مكتملة","✓",J75-TODAY())),"تاريخ غير صحيح") -> -560 | L75: =IF(G75="مكتملة","🟢 مكتملة",IF(G75="لم تبدأ","⚪ لم تبدأ",IF(J75<TODAY(),"🔴 متأخرة",IF(AND(I75<>"",J75<>"",H75<>"",((TODAY()-I75)/(J75-I75)-H75)>0.3),"🟡 تحتاج متابعة","🟢 في المسار")))) -> 🔴 متأخرة | M75: للمراجعة مع إدارة التجارة | N75: المرشد للتجارة - الإدارة المالية - الاستثمار للمراجعة | O75: الخميس | P75: October
A76: 74 | B76: دراسة حركة المرور بسوق خضار المدينة | C76: المشاريع | G76: مكتملة | H76: 1 | I76: 45431 | J76: 45519 | K76: =IFERROR(IF(J76="","",IF(G76="مكتملة","✓",J76-TODAY())),"تاريخ غير صحيح") -> ✓ | L76: =IF(G76="مكتملة","🟢 مكتملة",IF(G76="لم تبدأ","⚪ لم تبدأ",IF(J76<TODAY(),"🔴 متأخرة",IF(AND(I76<>"",J76<>"",H76<>"",((TODAY()-I76)/(J76-I76)-H76)>0.3),"🟡 تحتاج متابعة","🟢 في المسار")))) -> 🟢 مكتملة | M76: تم ارسال العروض للرئيس التنفيذي | N76: تم التعليق نتيجة الدخول في مفاوضات مع شركة مدينة الغذاء | P76: October
A77: 75 | B77: صيانة سوق المرقب | C77: المشاريع | G77: جاري العمل | H77: 0.9 | I77: 45448 | J77: 45559 | K77: =IFERROR(IF(J77="","",IF(G77="مكتملة","✓",J77-TODAY())),"تاريخ غير صحيح") -> -555 | L77: =IF(G77="مكتملة","🟢 مكتملة",IF(G77="لم تبدأ","⚪ لم تبدأ",IF(J77<TODAY(),"🔴 متأخرة",IF(AND(I77<>"",J77<>"",H77<>"",((TODAY()-I77)/(J77-I77)-H77)>0.3),"🟡 تحتاج متابعة","🟢 في المسار")))) -> 🔴 متأخرة | M77: تم التسليم للمهندس عوض وجاري التطوير بناء على الميزانية المتبقية - في خلال 3 أسابيع | N77: باقي اعمال التطوير الخارجية وحمام المسجد | P77: October
A78: 76 | B78: عمل استراتيجية راس المال البشري | C78: الاستراتيجية | G78: مكتملة | H78: 1 | I78: 45550 | J78: 45581 | K78: =IFERROR(IF(J78="","",IF(G78="مكتملة","✓",J78-TODAY())),"تاريخ غير صحيح") -> ✓ | L78: =IF(G78="مكتملة","🟢 مكتملة",IF(G78="لم تبدأ","⚪ لم تبدأ",IF(J78<TODAY(),"🔴 متأخرة",IF(AND(I78<>"",J78<>"",H78<>"",((TODAY()-I78)/(J78-I78)-H78)>0.3),"🟡 تحتاج متابعة","🟢 في المسار")))) -> 🟢 مكتملة | M78: تم طلب تعديلات وجاري العمل عليها | P78: October
A79: 77 | B79: عمل مقترح جديد خطة حوافز للمرشد للتجارة | C79: المدير العام | G79: جاري العمل | H79: 0.25 | I79: 45536 | J79: 45570 | K79: =IFERROR(IF(J79="","",IF(G79="مكتملة","✓",J79-TODAY())),"تاريخ غير صحيح") -> -544 | L79: =IF(G79="مكتملة","🟢 مكتملة",IF(G79="لم تبدأ","⚪ لم تبدأ",IF(J79<TODAY(),"🔴 متأخرة",IF(AND(I79<>"",J79<>"",H79<>"",((TODAY()-I79)/(J79-I79)-H79)>0.3),"🟡 تحتاج متابعة","🟢 في المسار")))) -> 🔴 متأخرة | M79: تم التواصل مع المدير العام | N79: المدير العام - تم التذكير | P79: October
A80: 78 | B80: متابعة خطة عمل موازنة 2025 | C80: المالية | G80: جاري العمل | H80: 0.85 | I80: 45537 | J80: 45611 | K80: =IFERROR(IF(J80="","",IF(G80="مكتملة","✓",J80-TODAY())),"تاريخ غير صحيح") -> -503 | L80: =IF(G80="مكتملة","🟢 مكتملة",IF(G80="لم تبدأ","⚪ لم تبدأ",IF(J80<TODAY(),"🔴 متأخرة",IF(AND(I80<>"",J80<>"",H80<>"",((TODAY()-I80)/(J80-I80)-H80)>0.3),"🟡 تحتاج متابعة","🟢 في المسار")))) -> 🔴 متأخرة | M80: حسب خطة العمل المقدمة من إدارة الموازنة | N80: المتابعة على الجدول الزمني الخاص باعداد الموازنة | O80: الثلاثاء | P80: October
A81: 79 | B81: مذكرة أوامر الشراء المفتوحة في التجارة | C81: المدير العام | G81: مكتملة | H81: 1 | I81: 45586 | J81: 45586 | K81: =IFERROR(IF(J81="","",IF(G81="مكتملة","✓",J81-TODAY())),"تاريخ غير صحيح") -> ✓ | L81: =IF(G81="مكتملة","🟢 مكتملة",IF(G81="لم تبدأ","⚪ لم تبدأ",IF(J81<TODAY(),"🔴 متأخرة",IF(AND(I81<>"",J81<>"",H81<>"",((TODAY()-I81)/(J81-I81)-H81)>0.3),"🟡 تحتاج متابعة","🟢 في المسار")))) -> 🟢 مكتملة | M81: عمل مذكرة بأوامر الشراء المفتوحة وتوضيح الموردين | N81: التجارة | P81: October
A82: 80 | B82: مستند بين القابضة والمقاولات بخصوص التمويلات | C82: الخزينة | G82: جاري العمل | H82: 0.95 | I82: 45536 | J82: 45547 | K82: =IFERROR(IF(J82="","",IF(G82="مكتملة","✓",J82-TODAY())),"تاريخ غير صحيح") -> -567 | L82: =IF(G82="مكتملة","🟢 مكتملة",IF(G82="لم تبدأ","⚪ لم تبدأ",IF(J82<TODAY(),"🔴 متأخرة",IF(AND(I82<>"",J82<>"",H82<>"",((TODAY()-I82)/(J82-I82)-H82)>0.3),"🟡 تحتاج متابعة","🟢 في المسار")))) -> 🔴 متأخرة | M82: تم التوقيع من م طراف باقي مجلس إدارة المقاولات | P82: October
A83: 81 | B83: مشروع الغنامية | C83: المشاريع | G83: مكتملة | I83: 45595 | K83: =IFERROR(IF(J83="","",IF(G83="مكتملة","✓",J83-TODAY())),"تاريخ غير صحيح") | L83: =IF(G83="مكتملة","🟢 مكتملة",IF(G83="لم تبدأ","⚪ لم تبدأ",IF(J83<TODAY(),"🔴 متأخرة",IF(AND(I83<>"",J83<>"",H83<>"",((TODAY()-I83)/(J83-I83)-H83)>0.3),"🟡 تحتاج متابعة","🟢 في المسار")))) -> 🟢 مكتملة | M83: الصكوك 95 الف - والأمانة 90 الف - المعاملة في بلدية الحائر - يوم الاثنين للبت في الأرض | P83: October
A84: 82 | B84: نظام لادارة القضايا | C84: الادارة القانونية | G84: جاري العمل | H84: 0.5 | I84: 45518 | J84: 45646 | K84: =IFERROR(IF(J84="","",IF(G84="مكتملة","✓",J84-TODAY())),"تاريخ غير صحيح") -> -468 | L84: =IF(G84="مكتملة","🟢 مكتملة",IF(G84="لم تبدأ","⚪ لم تبدأ",IF(J84<TODAY(),"🔴 متأخرة",IF(AND(I84<>"",J84<>"",H84<>"",((TODAY()-I84)/(J84-I84)-H84)>0.3),"🟡 تحتاج متابعة","🟢 في المسار")))) -> 🔴 متأخرة | M84: جاري العمل مع التقنية على نظام مدمج في الدينامكس | N84: التقنية - القانونية | P84: October
A85: 83 | B85: وضع التكاليف التقديرية لمشاريع المقاولات لشركة اعمالنا | C85: المقاولات | G85: مكتملة | H85: 1 | I85: 45518 | J85: 45525 | K85: =IFERROR(IF(J85="","",IF(G85="مكتملة","✓",J85-TODAY())),"تاريخ غير صحيح") -> ✓ | L85: =IF(G85="مكتملة","🟢 مكتملة",IF(G85="لم تبدأ","⚪ لم تبدأ",IF(J85<TODAY(),"🔴 متأخرة",IF(AND(I85<>"",J85<>"",H85<>"",((TODAY()-I85)/(J85-I85)-H85)>0.3),"🟡 تحتاج متابعة","🟢 في المسار")))) -> 🟢 مكتملة | M85: تم الاستلام والتوجيه لادارة المشاريع للاعتماد (في انتظار م اشرف الأسبوع القادم) | N85: تم الانتهاء | P85: October
A86: 84 | B86: وضع حل للمصادقة على ارصدة عملاء الأصول العقارية | C86: التقنية | G86: جاري العمل | H86: 0.8 | I86: 45518 | J86: 45565 | K86: =IFERROR(IF(J86="","",IF(G86="مكتملة","✓",J86-TODAY())),"تاريخ غير صحيح") -> -549 | L86: =IF(G86="مكتملة","🟢 مكتملة",IF(G86="لم تبدأ","⚪ لم تبدأ",IF(J86<TODAY(),"🔴 متأخرة",IF(AND(I86<>"",J86<>"",H86<>"",((TODAY()-I86)/(J86-I86)-H86)>0.3),"🟡 تحتاج متابعة","🟢 في المسار")))) -> 🔴 متأخرة | M86: عمل تطبيق لتمكين العملاء من المصادقة الكترونيا على ارصدتهم | N86: المتابعة مع الأصول العقارية | P86: October
A87: 85 | B87: استلام محلات وشقق سوق ينبع - توسعة المعاشق | C87: المشاريع | D87: محمد المهدي | G87: جاري العمل | H87: 0.5 | I87: 45553 | J87: 45560 | K87: =IFERROR(IF(J87="","",IF(G87="مكتملة","✓",J87-TODAY())),"تاريخ غير صحيح") -> -554 | L87: =IF(G87="مكتملة","🟢 مكتملة",IF(G87="لم تبدأ","⚪ لم تبدأ",IF(J87<TODAY(),"🔴 متأخرة",IF(AND(I87<>"",J87<>"",H87<>"",((TODAY()-I87)/(J87-I87)-H87)>0.3),"🟡 تحتاج متابعة","🟢 في المسار")))) -> 🔴 متأخرة | M87: تم البدء في أعمال الحفر لتمديد ماسورة تغذية المبنى بالمياه قبل أسبوع من قبل أعمالنا للمقاولات | N87: تم عمل الحفر فقط واليوم لا يوجد عمالة بالموقع حسب كلام فني الصيانة بالموقع | P87: November
A88: 86 | B88: الانتهاء من سياسات المقاولات | C88: المقاولات | D88: علي حسن | G88: جاري العمل | H88: 0.5 | I88: 45518 | J88: 45565 | K88: =IFERROR(IF(J88="","",IF(G88="مكتملة","✓",J88-TODAY())),"تاريخ غير صحيح") -> -549 | L88: =IF(G88="مكتملة","🟢 مكتملة",IF(G88="لم تبدأ","⚪ لم تبدأ",IF(J88<TODAY(),"🔴 متأخرة",IF(AND(I88<>"",J88<>"",H88<>"",((TODAY()-I88)/(J88-I88)-H88)>0.3),"🟡 تحتاج متابعة","🟢 في المسار")))) -> 🔴 متأخرة | M88: تم استلام مسودة وجاري العمل على تحسينها | N88: المدير التنفيذي للمقاولات - للتحديث | O88: on hold | P88: November
A89: 87 | B89: التأمين على الممتلكات | C89: الاستثمار | D89: محمد الحجي | G89: جاري العمل | H89: 0.75 | I89: 45519 | J89: 45534 | K89: =IFERROR(IF(J89="","",IF(G89="مكتملة","✓",J89-TODAY())),"تاريخ غير صحيح") -> -580 | L89: =IF(G89="مكتملة","🟢 مكتملة",IF(G89="لم تبدأ","⚪ لم تبدأ",IF(J89<TODAY(),"🔴 متأخرة",IF(AND(I89<>"",J89<>"",H89<>"",((TODAY()-I89)/(J89-I89)-H89)>0.3),"🟡 تحتاج متابعة","🟢 في المسار")))) -> 🔴 متأخرة | M89: في انتظار اصدار البوليصة من التعاونية | N89: سوق المرقب - قرية الاحساء - القرية الشعبية بالرياض | P89: November
A90: 88 | B90: التدقيق على صلاحيات المبيعات والمشتريات في التجارة | C90: المراجعة | D90: امتياز بخش | G90: مكتملة | H90: 1 | I90: 45586 | J90: 45611 | K90: =IFERROR(IF(J90="","",IF(G90="مكتملة","✓",J90-TODAY())),"تاريخ غير صحيح") -> ✓ | L90: =IF(G90="مكتملة","🟢 مكتملة",IF(G90="لم تبدأ","⚪ لم تبدأ",IF(J90<TODAY(),"🔴 متأخرة",IF(AND(I90<>"",J90<>"",H90<>"",((TODAY()-I90)/(J90-I90)-H90)>0.3),"🟡 تحتاج متابعة","🟢 في المسار")))) -> 🟢 مكتملة | M90: جاري العمل والتقرير يوم الاحد القادم | N90: تم ارسال التقرير للرئيس التنفيذي | P90: November
A91: 89 | B91: الصندوق العقاري | C91: الاستثمار | D91: معتصم العقاد | G91: جاري العمل | H91: 0.5 | I91: 45292 | J91: 45657 | K91: =IFERROR(IF(J91="","",IF(G91="مكتملة","✓",J91-TODAY())),"تاريخ غير صحيح") -> -457 | L91: =IF(G91="مكتملة","🟢 مكتملة",IF(G91="لم تبدأ","⚪ لم تبدأ",IF(J91<TODAY(),"🔴 متأخرة",IF(AND(I91<>"",J91<>"",H91<>"",((TODAY()-I91)/(J91-I91)-H91)>0.3),"🟡 تحتاج متابعة","🟢 في المسار")))) -> 🔴 متأخرة | M91: متوقف حاليا | N91: جاري البحث عن بديل لارض خميس مشيط | P91: November
A92: 90 | B92: الكهرباء في حفر الباطن | C92: المشاريع | D92: السيد الخياط | G92: جاري العمل | I92: 45595 | K92: =IFERROR(IF(J92="","",IF(G92="مكتملة","✓",J92-TODAY())),"تاريخ غير صحيح") | L92: =IF(G92="مكتملة","🟢 مكتملة",IF(G92="لم تبدأ","⚪ لم تبدأ",IF(J92<TODAY(),"🔴 متأخرة",IF(AND(I92<>"",J92<>"",H92<>"",((TODAY()-I92)/(J92-I92)-H92)>0.3),"🟡 تحتاج متابعة","🟢 في المسار")))) -> 🔴 متأخرة | M92: تم استلام موافقة من الأمانة موجهه للكهرباء | P92: November
A93: 91 | B93: المصادقة على رصيد الورثة والتجارة | C93: المدير العام | D93: خالد عسيري | G93: جاري العمل | H93: 0.5 | I93: 45518 | J93: 45525 | K93: =IFERROR(IF(J93="","",IF(G93="مكتملة","✓",J93-TODAY())),"تاريخ غير صحيح") -> -589 | L93: =IF(G93="مكتملة","🟢 مكتملة",IF(G93="لم تبدأ","⚪ لم تبدأ",IF(J93<TODAY(),"🔴 متأخرة",IF(AND(I93<>"",J93<>"",H93<>"",((TODAY()-I93)/(J93-I93)-H93)>0.3),"🟡 تحتاج متابعة","🟢 في المسار")))) -> 🔴 متأخرة | M93: تم تسجيل فاتورة وباقي فاتورتين | N93: تم الطلب من الإدارة المالية لتسوية الامر | P93: November
A94: 92 | B94: تطوير سوق الطائف | C94: المشاريع | D94: اشرف سمير | G94: جاري العمل | H94: 0.95 | I94: 45454 | J94: 45519 | K94: =IFERROR(IF(J94="","",IF(G94="مكتملة","✓",J94-TODAY())),"تاريخ غير صحيح") -> -595 | L94: =IF(G94="مكتملة","🟢 مكتملة",IF(G94="لم تبدأ","⚪ لم تبدأ",IF(J94<TODAY(),"🔴 متأخرة",IF(AND(I94<>"",J94<>"",H94<>"",((TODAY()-I94)/(J94-I94)-H94)>0.3),"🟡 تحتاج متابعة","🟢 في المسار")))) -> 🔴 متأخرة | M94: جاري التركيب ومتوقع الانتهاء نهاية الأسبوع والاستلام بحد أقصى الأسبوع القادم. | N94: حسب افادة إدارة المشاريع | O94: فيديو للمشروع توضيح التطورات | P94: November
A95: 93 | B95: تعديل رخص البناء في مشروع اشبيلية | C95: المشاريع | D95: اشرف سمير | G95: جاري العمل | I95: 45595 | K95: =IFERROR(IF(J95="","",IF(G95="مكتملة","✓",J95-TODAY())),"تاريخ غير صحيح") | L95: =IF(G95="مكتملة","🟢 مكتملة",IF(G95="لم تبدأ","⚪ لم تبدأ",IF(J95<TODAY(),"🔴 متأخرة",IF(AND(I95<>"",J95<>"",H95<>"",((TODAY()-I95)/(J95-I95)-H95)>0.3),"🟡 تحتاج متابعة","🟢 في المسار")))) -> 🔴 متأخرة | M95: مطلوب تفويض مالك الأرض ( وزارة الاوقاف ) لمكتب اكنان | N95: م سعد قال انتظر بالاجراء لانه قد يوجد حل مع المالية لطريقة لتسوية ضريبة رسوم | P95: November
A96: 94 | B96: تقديم استراتيجية التجارة | C96: المدير العام | D96: خالد عسيري | G96: جاري العمل | H96: 1 | I96: 45595 | J96: 45606 | K96: =IFERROR(IF(J96="","",IF(G96="مكتملة","✓",J96-TODAY())),"تاريخ غير صحيح") -> -508 | L96: =IF(G96="مكتملة","🟢 مكتملة",IF(G96="لم تبدأ","⚪ لم تبدأ",IF(J96<TODAY(),"🔴 متأخرة",IF(AND(I96<>"",J96<>"",H96<>"",((TODAY()-I96)/(J96-I96)-H96)>0.3),"🟡 تحتاج متابعة","🟢 في المسار")))) -> 🔴 متأخرة | M96: جاري العمل عليها | P96: November
A97: 95 | B97: تقديم توصية لما يمكن اتلافه من مخزون 2017 الى 2021 | C97: المالية | D97: محمد عبدالحميد | G97: مكتملة | H97: 1 | I97: 45533 | J97: 45589 | K97: =IFERROR(IF(J97="","",IF(G97="مكتملة","✓",J97-TODAY())),"تاريخ غير صحيح") -> ✓ | L97: =IF(G97="مكتملة","🟢 مكتملة",IF(G97="لم تبدأ","⚪ لم تبدأ",IF(J97<TODAY(),"🔴 متأخرة",IF(AND(I97<>"",J97<>"",H97<>"",((TODAY()-I97)/(J97-I97)-H97)>0.3),"🟡 تحتاج متابعة","🟢 في المسار")))) -> 🟢 مكتملة | M97: تم الاتفاق على تقديم التوصية باعدام المواد المنتهية فقط | N97: المدير العام - نائب الرئيس للمالية | O97: تقديم التوصية من م خالد | P97: November
A98: 96 | B98: تقديم مقترح لتعديل سياسة مخصص المخزون بالنسبة لمواد ال CP | C98: المدير العام | D98: خالد عسيري | G98: جاري العمل | I98: 45586 | J98: 45593 | K98: =IFERROR(IF(J98="","",IF(G98="مكتملة","✓",J98-TODAY())),"تاريخ غير صحيح") -> -521 | L98: =IF(G98="مكتملة","🟢 مكتملة",IF(G98="لم تبدأ","⚪ لم تبدأ",IF(J98<TODAY(),"🔴 متأخرة",IF(AND(I98<>"",J98<>"",H98<>"",((TODAY()-I98)/(J98-I98)-H98)>0.3),"🟡 تحتاج متابعة","🟢 في المسار")))) -> 🔴 متأخرة | M98: تم استلام مقترح من إدارة التجارة | P98: November
A99: 97 | B99: تقديم مقترح منفصل للهيكل الوظيفي الجديد | C99: الموارد البشرية | D99: حسين الوروري | G99: جاري العمل | H99: 1 | I99: 45585 | J99: 45589 | K99: =IFERROR(IF(J99="","",IF(G99="مكتملة","✓",J99-TODAY())),"تاريخ غير صحيح") -> -525 | L99: =IF(G99="مكتملة","🟢 مكتملة",IF(G99="لم تبدأ","⚪ لم تبدأ",IF(J99<TODAY(),"🔴 متأخرة",IF(AND(I99<>"",J99<>"",H99<>"",((TODAY()-I99)/(J99-I99)-H99)>0.3),"🟡 تحتاج متابعة","🟢 في المسار")))) -> 🔴 متأخرة | M99: تم الارسال للموارد البشرية | N99: للمراجعة ثم للعرض على الرئيس | P99: November
A100: 98 | B100: دراسة جدوى القطاع التجاري | C100: المدير العام | D100: خالد عسيري | G100: جاري العمل | H100: 0.95 | I100: 45496 | J100: 45554 | K100: =IFERROR(IF(J100="","",IF(G100="مكتملة","✓",J100-TODAY())),"تاريخ غير صحيح") -> -560 | L100: =IF(G100="مكتملة","🟢 مكتملة",IF(G100="لم تبدأ","⚪ لم تبدأ",IF(J100<TODAY(),"🔴 متأخرة",IF(AND(I100<>"",J100<>"",H100<>"",((TODAY()-I100)/(J100-I100)-H100)>0.3),"🟡 تحتاج متابعة","🟢 في المسار")))) -> 🔴 متأخرة | M100: تم استلام النسخه الثانية وجاري استخدامها بواسطة التجارة لعمل استراتيجية خاصة بهم | N100: المرشد للتجارة - الإدارة المالية - الاستثمار للمراجعة | P100: November
...

Sheet المهام النشطة 2026
G1: المهام النشطة لعام 2026 – لوحة المتابعة التنفيذية
A2: # | B2: المهمة | C2: القسم | D2: المسؤول | E2: الأولوية | F2: الركيزة الاستراتيجية | G2: الحالة | H2: نسبة الإنجاز | I2: تاريخ البداية | J2: تاريخ الانتهاء | K2: الأيام المتبقية | L2: مؤشر المخاطر | M2: الملاحظات | N2: الخطوة القادمة | O2: ملاحظات الرئيس التنفيذي | P2: الشهر المصدر
A3: 1 | B3: إتمام داشبورد الموازنة | C3: المالية | D3: عادل جلال | E3: P2 - مهم | F3: التحول الرقمي | G3: جاري العمل | H3: 0.5 | I3: 45736 | J3: 45777 | K3: =IFERROR(IF(J3="","",IF(G3="مكتملة","✓",J3-TODAY())),"تاريخ غير صحيح") -> -337 | L3: =IF(G3="مكتملة","🟢 مكتملة",IF(G3="لم تبدأ","⚪ لم تبدأ",IF(J3<TODAY(),"🔴 متأخرة",IF(AND(I3<>"",J3<>"",H3<>"",((TODAY()-I3)/(J3-I3)-H3)>0.3),"🟡 تحتاج متابعة","🟢 في المسار")))) -> 🔴 متأخرة | M3: جاري العمل مع المورد لتحديد نطاق العمل والتسعير | P3: 2026 Tasks
A4: 2 | B4: ادخال داتا الإدارة القانونية على الدينامكس | C4: الادارة القانونية | D4: منصور القعود | G4: مكتملة | H4: 1 | I4: 45735 | J4: 45777 | K4: =IFERROR(IF(J4="","",IF(G4="مكتملة","✓",J4-TODAY())),"تاريخ غير صحيح") -> ✓ | L4: =IF(G4="مكتملة","🟢 مكتملة",IF(G4="لم تبدأ","⚪ لم تبدأ",IF(J4<TODAY(),"🔴 متأخرة",IF(AND(I4<>"",J4<>"",H4<>"",((TODAY()-I4)/(J4-I4)-H4)>0.3),"🟡 تحتاج متابعة","🟢 في المسار")))) -> 🟢 مكتملة | M4: تم ادخال داتا القانونية كاملة لكن تم رفض 23 مطالبة من المالية لعدم تطابق الرصيد | N4: مكتمل | P4: 2026 Tasks
A5: 3 | B5: اطلاق برنامج مصادقة ارصدة عملاء الأصول العقارية | C5: التقنية | D5: مرتضى إبراهيم | G5: مكتملة | H5: 1 | J5: 45778 | K5: =IFERROR(IF(J5="","",IF(G5="مكتملة","✓",J5-TODAY())),"تاريخ غير صحيح") -> ✓ | L5: =IF(G5="مكتملة","🟢 مكتملة",IF(G5="لم تبدأ","⚪ لم تبدأ",IF(J5<TODAY(),"🔴 متأخرة",IF(AND(I5<>"",J5<>"",H5<>"",((TODAY()-I5)/(J5-I5)-H5)>0.3),"🟡 تحتاج متابعة","🟢 في المسار")))) -> 🟢 مكتملة | M5: تم تجربة التطبيق بواسطة التقنية واعتماده من ناحيتهم باقي اعتماد الإدارة المالية عن | N5: مكتمل | P5: 2026 Tasks
A6: 4 | B6: اغلاق السجل التجاري للتقنيه | C6: الادارة القانونية | D6: منصور القعود | G6: مكتملة | H6: 1 | K6: =IFERROR(IF(J6="","",IF(G6="مكتملة","✓",J6-TODAY())),"تاريخ غير صحيح") | L6: =IF(G6="مكتملة","🟢 مكتملة",IF(G6="لم تبدأ","⚪ لم تبدأ",IF(J6<TODAY(),"🔴 متأخرة",IF(AND(I6<>"",J6<>"",H6<>"",((TODAY()-I6)/(J6-I6)-H6)>0.3),"🟡 تحتاج متابعة","🟢 في المسار")))) -> 🟢 مكتملة | M6: تم سداد رسوم طلب شطب السجل | N6: مكتمل | P6: 2026 Tasks
A7: 5 | B7: اختبار الدينامكس والتأكيد على انه جاهز للاقفال الشهري | C7: التقنية | D7: مرتضى إبراهيم | G7: مكتملة | H7: 1 | I7: 45757 | J7: 45761 | K7: =IFERROR(IF(J7="","",IF(G7="مكتملة","✓",J7-TODAY())),"تاريخ غير صحيح") -> ✓ | L7: =IF(G7="مكتملة","🟢 مكتملة",IF(G7="لم تبدأ","⚪ لم تبدأ",IF(J7<TODAY(),"🔴 متأخرة",IF(AND(I7<>"",J7<>"",H7<>"",((TODAY()-I7)/(J7-I7)-H7)>0.3),"🟡 تحتاج متابعة","🟢 في المسار")))) -> 🟢 مكتملة | M7: بعد التعديلات الأخيرة (قيد التسوية - حل مشكلة الضريبة) | N7: جاهز لاقفال شهر مايو | P7: 2026 Tasks
A8: 6 | B8: داشبورد الأصول العقارية وربطها بداشبورد القانونية | C8: التقنية | D8: مرتضى إبراهيم | G8: مكتملة | H8: 1 | J8: 45791 | K8: =IFERROR(IF(J8="","",IF(G8="مكتملة","✓",J8-TODAY())),"تاريخ غير صحيح") -> ✓ | L8: =IF(G8="مكتملة","🟢 مكتملة",IF(G8="لم تبدأ","⚪ لم تبدأ",IF(J8<TODAY(),"🔴 متأخرة",IF(AND(I8<>"",J8<>"",H8<>"",((TODAY()-I8)/(J8-I8)-H8)>0.3),"🟡 تحتاج متابعة","🟢 في المسار")))) -> 🟢 مكتملة | M8: يتم إضافة ماتم تحويله للقانونية في اعمار الديون | N8: تم الانتهاء من ربطهم الاثنين مع بعض | P8: 2026 Tasks
A9: 7 | B9: تقديم عرض التقنية العقارية Prop Tech | C9: الاستثمار | D9: معتصم العقاد | G9: مكتملة | H9: 1 | K9: =IFERROR(IF(J9="","",IF(G9="مكتملة","✓",J9-TODAY())),"تاريخ غير صحيح") | L9: =IF(G9="مكتملة","🟢 مكتملة",IF(G9="لم تبدأ","⚪ لم تبدأ",IF(J9<TODAY(),"🔴 متأخرة",IF(AND(I9<>"",J9<>"",H9<>"",((TODAY()-I9)/(J9-I9)-H9)>0.3),"🟡 تحتاج متابعة","🟢 في المسار")))) -> 🟢 مكتملة | M9: تم الارسال للرئيس | N9: للمناقشة مع الرئيس | P9: 2026 Tasks
A10: 8 | B10: ضاحية الفرسان | C10: الاستثمار | D10: معتصم العقاد | E10: P3 - عادي | F10: نمو الإيرادات | G10: منتهي | H10: 0.5 | J10: 46387 | K10: =IFERROR(IF(J10="","",IF(G10="مكتملة","✓",J10-TODAY())),"تاريخ غير صحيح") -> 273 | L10: =IF(G10="مكتملة","🟢 مكتملة",IF(G10="لم تبدأ","⚪ لم تبدأ",IF(J10<TODAY(),"🔴 متأخرة",IF(AND(I10<>"",J10<>"",H10<>"",((TODAY()-I10)/(J10-I10)-H10)>0.3),"🟡 تحتاج متابعة","🟢 في المسار")))) -> 🟢 في المسار | M10: ارسلوا مجموعة الاستفسارات والمخاوف بخصوص سكن العمالة وآليات تشغيل السوق | N10: في انتظار الرد منهم | P10: 2026 Tasks
A11: 9 | B11: انشاء صندوق عقاري مع احد شركات التمويل | C11: الرئيس التنفيذي | D11: الرئيس التنفيذي | E11: P3 - عادي | F11: نمو الإيرادات | G11: جاري العمل | H11: 0 | J11: 46387 | K11: =IFERROR(IF(J11="","",IF(G11="مكتملة","✓",J11-TODAY())),"تاريخ غير صحيح") -> 273 | L11: =IF(G11="مكتملة","🟢 مكتملة",IF(G11="لم تبدأ","⚪ لم تبدأ",IF(J11<TODAY(),"🔴 متأخرة",IF(AND(I11<>"",J11<>"",H11<>"",((TODAY()-I11)/(J11-I11)-H11)>0.3),"🟡 تحتاج متابعة","🟢 في المسار")))) -> 🟢 في المسار | N11: لم يتم الرد | P11: 2026 Tasks
A12: 10 | B12: فيديو اشبيليه و حفر الجديد للعرض على المجلس | C12: المشاريع | D12: اشرف سمير | G12: مكتملة | H12: 1 | K12: =IFERROR(IF(J12="","",IF(G12="مكتملة","✓",J12-TODAY())),"تاريخ غير صحيح") | L12: =IF(G12="مكتملة","🟢 مكتملة",IF(G12="لم تبدأ","⚪ لم تبدأ",IF(J12<TODAY(),"🔴 متأخرة",IF(AND(I12<>"",J12<>"",H12<>"",((TODAY()-I12)/(J12-I12)-H12)>0.3),"🟡 تحتاج متابعة","🟢 في المسار")))) -> 🟢 مكتملة | M12: تم الاستلام | P12: 2026 Tasks
A13: 11 | B13: تطبيق مصادقة ارصدة العملاء | C13: التقنية | D13: مرتضى إبراهيم | E13: P2 - مهم | F13: التحول الرقمي | G13: جاري العمل | H13: 1 | J13: 46022 | K13: =IFERROR(IF(J13="","",IF(G13="مكتملة","✓",J13-TODAY())),"تاريخ غير صحيح") -> -92 | L13: =IF(G13="مكتملة","🟢 مكتملة",IF(G13="لم تبدأ","⚪ لم تبدأ",IF(J13<TODAY(),"🔴 متأخرة",IF(AND(I13<>"",J13<>"",H13<>"",((TODAY()-I13)/(J13-I13)-H13)>0.3),"🟡 تحتاج متابعة","🟢 في المسار")))) -> 🔴 متأخرة | M13: تم ارسال ايميل للبدء في الاستخدام بحد اقصى الخميس 2/4/26 | N13: تم التحديث 29/3 | P13: 2026 Tasks
A14: 12 | B14: تقديم دراسة من BDO بشكل احترافي | C14: المالية | D14: محمد عبدالحميد | G14: مكتملة | H14: 1 | K14: =IFERROR(IF(J14="","",IF(G14="مكتملة","✓",J14-TODAY())),"تاريخ غير صحيح") | L14: =IF(G14="مكتملة","🟢 مكتملة",IF(G14="لم تبدأ","⚪ لم تبدأ",IF(J14<TODAY(),"🔴 متأخرة",IF(AND(I14<>"",J14<>"",H14<>"",((TODAY()-I14)/(J14-I14)-H14)>0.3),"🟡 تحتاج متابعة","🟢 في المسار")))) -> 🟢 مكتملة | M14: تم استلام التقرير | N14: مع وجود بعض الملحوظات وفي انتظار Cfo للنقاش | P14: 2026 Tasks
A15: 13 | B15: اعداد دراسة المخاطر حسب طلب لجنة المراجعة | C15: الاستراتيجية | D15: محمد زاهر | G15: مكتملة | H15: 1 | K15: =IFERROR(IF(J15="","",IF(G15="مكتملة","✓",J15-TODAY())),"تاريخ غير صحيح") | L15: =IF(G15="مكتملة","🟢 مكتملة",IF(G15="لم تبدأ","⚪ لم تبدأ",IF(J15<TODAY(),"🔴 متأخرة",IF(AND(I15<>"",J15<>"",H15<>"",((TODAY()-I15)/(J15-I15)-H15)>0.3),"🟡 تحتاج متابعة","🟢 في المسار")))) -> 🟢 مكتملة | M15: تم استلام ردود من جميع الإدارات | P15: 2026 Tasks
A16: 14 | B16: معالجة اثر انخفاض إيرادات سوق المرقب | C16: الأصول العقارية | D16: محمد الخضيرة | G16: مكتملة | H16: 1 | J16: 45838 | K16: =IFERROR(IF(J16="","",IF(G16="مكتملة","✓",J16-TODAY())),"تاريخ غير صحيح") -> ✓ | L16: =IF(G16="مكتملة","🟢 مكتملة",IF(G16="لم تبدأ","⚪ لم تبدأ",IF(J16<TODAY(),"🔴 متأخرة",IF(AND(I16<>"",J16<>"",H16<>"",((TODAY()-I16)/(J16-I16)-H16)>0.3),"🟡 تحتاج متابعة","🟢 في المسار")))) -> 🟢 مكتملة | M16: تم العرض والموافقة من الرئيس | P16: 2026 Tasks
A17: 15 | B17: التحقق من مشكلة تحويل قيمة العقد إلى ممثل الشركة في العقار | C17: الادارة القانونية | D17: منصور القعود | G17: مكتملة | H17: 1 | K17: =IFERROR(IF(J17="","",IF(G17="مكتملة","✓",J17-TODAY())),"تاريخ غير صحيح") | L17: =IF(G17="مكتملة","🟢 مكتملة",IF(G17="لم تبدأ","⚪ لم تبدأ",IF(J17<TODAY(),"🔴 متأخرة",IF(AND(I17<>"",J17<>"",H17<>"",((TODAY()-I17)/(J17-I17)-H17)>0.3),"🟡 تحتاج متابعة","🟢 في المسار")))) -> 🟢 مكتملة | M17: تم الانتهاء | P17: 2026 Tasks
A18: 16 | B18: إضافة القانونية في سلسلة موافقات إخلاء الطرف. | C18: الادارة القانونية | D18: منصور القعود | G18: مكتملة | H18: 1 | K18: =IFERROR(IF(J18="","",IF(G18="مكتملة","✓",J18-TODAY())),"تاريخ غير صحيح") | L18: =IF(G18="مكتملة","🟢 مكتملة",IF(G18="لم تبدأ","⚪ لم تبدأ",IF(J18<TODAY(),"🔴 متأخرة",IF(AND(I18<>"",J18<>"",H18<>"",((TODAY()-I18)/(J18-I18)-H18)>0.3),"🟡 تحتاج متابعة","🟢 في المسار")))) -> 🟢 مكتملة | M18: مكتمله | P18: 2026 Tasks
A19: 17 | B19: التأكيد على أن جميع خدمات القانونية تتم عن طريق الدينامكس بما فيها طلبات المساهمين. | C19: الادارة القانونية | D19: منصور القعود | G19: مكتملة | H19: 1 | K19: =IFERROR(IF(J19="","",IF(G19="مكتملة","✓",J19-TODAY())),"تاريخ غير صحيح") | L19: =IF(G19="مكتملة","🟢 مكتملة",IF(G19="لم تبدأ","⚪ لم تبدأ",IF(J19<TODAY(),"🔴 متأخرة",IF(AND(I19<>"",J19<>"",H19<>"",((TODAY()-I19)/(J19-I19)-H19)>0.3),"🟡 تحتاج متابعة","🟢 في المسار")))) -> 🟢 مكتملة | M19: مكتملة | P19: 2026 Tasks
A20: 18 | B20: إضافة القضايا المرفوعة في القانونية إلى داشبورد أعمار الديون. | C20: التقنية | D20: مرتضى إبراهيم | G20: مكتملة | H20: 1 | K20: =IFERROR(IF(J20="","",IF(G20="مكتملة","✓",J20-TODAY())),"تاريخ غير صحيح") | L20: =IF(G20="مكتملة","🟢 مكتملة",IF(G20="لم تبدأ","⚪ لم تبدأ",IF(J20<TODAY(),"🔴 متأخرة",IF(AND(I20<>"",J20<>"",H20<>"",((TODAY()-I20)/(J20-I20)-H20)>0.3),"🟡 تحتاج متابعة","🟢 في المسار")))) -> 🟢 مكتملة | M20: تم الانتهاء منها | P20: 2026 Tasks
A21: 19 | B21: إضافة تاريخ انتهاء الوكالة وحالتها (منتهية - سارية) | C21: التقنية | D21: مرتضى إبراهيم | G21: مكتملة | H21: 1 | K21: =IFERROR(IF(J21="","",IF(G21="مكتملة","✓",J21-TODAY())),"تاريخ غير صحيح") | L21: =IF(G21="مكتملة","🟢 مكتملة",IF(G21="لم تبدأ","⚪ لم تبدأ",IF(J21<TODAY(),"🔴 متأخرة",IF(AND(I21<>"",J21<>"",H21<>"",((TODAY()-I21)/(J21-I21)-H21)>0.3),"🟡 تحتاج متابعة","🟢 في المسار")))) -> 🟢 مكتملة | P21: 2026 Tasks
A22: 20 | B22: هيكل التكاليف المثالي | C22: المالية | D22: محمد عبدالحميد | G22: مكتملة | H22: 1 | K22: =IFERROR(IF(J22="","",IF(G22="مكتملة","✓",J22-TODAY())),"تاريخ غير صحيح") | L22: =IF(G22="مكتملة","🟢 مكتملة",IF(G22="لم تبدأ","⚪ لم تبدأ",IF(J22<TODAY(),"🔴 متأخرة",IF(AND(I22<>"",J22<>"",H22<>"",((TODAY()-I22)/(J22-I22)-H22)>0.3),"🟡 تحتاج متابعة","🟢 في المسار")))) -> 🟢 مكتملة | M22: تعديل التكاليف وحذف التكاليف الغير مسيطر عليها | N22: مكتمل | P22: 2026 Tasks
A23: 21 | B23: تعيين استشاري لهيكلة راس المال المثالي | C23: المالية | D23: محمد عبدالحميد | G23: مكتملة | H23: 1 | K23: =IFERROR(IF(J23="","",IF(G23="مكتملة","✓",J23-TODAY())),"تاريخ غير صحيح") | L23: =IF(G23="مكتملة","🟢 مكتملة",IF(G23="لم تبدأ","⚪ لم تبدأ",IF(J23<TODAY(),"🔴 متأخرة",IF(AND(I23<>"",J23<>"",H23<>"",((TODAY()-I23)/(J23-I23)-H23)>0.3),"🟡 تحتاج متابعة","🟢 في المسار")))) -> 🟢 مكتملة | M23: تم الحصول على عرضين وبانتظار قرار لجنة المراجعة. | P23: 2026 Tasks
A24: 22 | B24: جلب عروض المراجع الخارجي (إضافية) | C24: المالية | D24: محمد عبدالحميد | G24: مكتملة | H24: 1 | K24: =IFERROR(IF(J24="","",IF(G24="مكتملة","✓",J24-TODAY())),"تاريخ غير صحيح") | L24: =IF(G24="مكتملة","🟢 مكتملة",IF(G24="لم تبدأ","⚪ لم تبدأ",IF(J24<TODAY(),"🔴 متأخرة",IF(AND(I24<>"",J24<>"",H24<>"",((TODAY()-I24)/(J24-I24)-H24)>0.3),"🟡 تحتاج متابعة","🟢 في المسار")))) -> 🟢 مكتملة | M24: تم اعتذار KPMG بشكل شفهى وابنتظار ايميل بالاعتذار منهم. بخصوص ديلويت مازال تحت الاجراء | N24: تم الارسال | P24: 2026 Tasks
A25: 23 | B25: تغيير اسم قرية الاحساء | C25: الأصول العقارية | D25: محمد الخضيرة | G25: مكتملة | H25: 1 | J25: 45823 | K25: =IFERROR(IF(J25="","",IF(G25="مكتملة","✓",J25-TODAY())),"تاريخ غير صحيح") -> ✓ | L25: =IF(G25="مكتملة","🟢 مكتملة",IF(G25="لم تبدأ","⚪ لم تبدأ",IF(J25<TODAY(),"🔴 متأخرة",IF(AND(I25<>"",J25<>"",H25<>"",((TODAY()-I25)/(J25-I25)-H25)>0.3),"🟡 تحتاج متابعة","🟢 في المسار")))) -> 🟢 مكتملة | M25: تم اعتماد الرئيس لعروض تغيير الأسماء للوحات | N25: مكتمل | P25: 2026 Tasks
A26: 24 | B26: تقرير الإيرادات الأخرى | C26: الأصول العقارية | D26: محمد الخضيرة | G26: مكتملة | H26: 1 | J26: 45843 | K26: =IFERROR(IF(J26="","",IF(G26="مكتملة","✓",J26-TODAY())),"تاريخ غير صحيح") -> ✓ | L26: =IF(G26="مكتملة","🟢 مكتملة",IF(G26="لم تبدأ","⚪ لم تبدأ",IF(J26<TODAY(),"🔴 متأخرة",IF(AND(I26<>"",J26<>"",H26<>"",((TODAY()-I26)/(J26-I26)-H26)>0.3),"🟡 تحتاج متابعة","🟢 في المسار")))) -> 🟢 مكتملة | M26: تفاصيل الإيرادات الأخرى مع المقارنة مع العام الماضي | N26: تم الاستلام | P26: 2026 Tasks
A27: 25 | B27: استراتيجية إدارة المرافق | C27: المشاريع | D27: عوض الغوازي | G27: مكتملة | H27: 1 | K27: =IFERROR(IF(J27="","",IF(G27="مكتملة","✓",J27-TODAY())),"تاريخ غير صحيح") | L27: =IF(G27="مكتملة","🟢 مكتملة",IF(G27="لم تبدأ","⚪ لم تبدأ",IF(J27<TODAY(),"🔴 متأخرة",IF(AND(I27<>"",J27<>"",H27<>"",((TODAY()-I27)/(J27-I27)-H27)>0.3),"🟡 تحتاج متابعة","🟢 في المسار")))) -> 🟢 مكتملة | N27: تم التعديل على ان نستمر بتقديم الخدمة للمستاجرين في عقارات المجموعة فقط | P27: 2026 Tasks
A28: 26 | B28: خطة زيادة إيرادات الأصول العقارية 15% (على مستوى السوق) قبل حلول عام 2027 | C28: الأصول العقارية | D28: محمد الخضيرة | G28: مكتملة | H28: 1 | J28: 45838 | K28: =IFERROR(IF(J28="","",IF(G28="مكتملة","✓",J28-TODAY())),"تاريخ غير صحيح") -> ✓ | L28: =IF(G28="مكتملة","🟢 مكتملة",IF(G28="لم تبدأ","⚪ لم تبدأ",IF(J28<TODAY(),"🔴 متأخرة",IF(AND(I28<>"",J28<>"",H28<>"",((TODAY()-I28)/(J28-I28)-H28)>0.3),"🟡 تحتاج متابعة","🟢 في المسار")))) -> 🟢 مكتملة | M28: تم استلام الخطة واعتمادها من الرئيس | N28: تم التعديل واعتماد ارقام 24 (205 مليون) | P28: 2026 Tasks
A29: 27 | B29: اغلاق تقرير EY الخاص بالتقنية | C29: التقنية | D29: مرتضى إبراهيم | G29: مكتملة | H29: 1 | J29: 45868 | K29: =IFERROR(IF(J29="","",IF(G29="مكتملة","✓",J29-TODAY())),"تاريخ غير صحيح") -> ✓ | L29: =IF(G29="مكتملة","🟢 مكتملة",IF(G29="لم تبدأ","⚪ لم تبدأ",IF(J29<TODAY(),"🔴 متأخرة",IF(AND(I29<>"",J29<>"",H29<>"",((TODAY()-I29)/(J29-I29)-H29)>0.3),"🟡 تحتاج متابعة","🟢 في المسار")))) -> 🟢 مكتملة | M29: جاري العمل مع فريق الامن السيبراني لاغلاق النقاط حسب الموعد المحدد | N29: جاري العمل على النقاط التي سيتم مراجعتها في اجتماع اللجنة القادم | P29: 2026 Tasks
A30: 28 | B30: اثر التحول للمعايير IFRS | C30: المالية | D30: محمد عبدالحميد | G30: مكتملة | H30: 1 | K30: =IFERROR(IF(J30="","",IF(G30="مكتملة","✓",J30-TODAY())),"تاريخ غير صحيح") | L30: =IF(G30="مكتملة","🟢 مكتملة",IF(G30="لم تبدأ","⚪ لم تبدأ",IF(J30<TODAY(),"🔴 متأخرة",IF(AND(I30<>"",J30<>"",H30<>"",((TODAY()-I30)/(J30-I30)-H30)>0.3),"🟡 تحتاج متابعة","🟢 في المسار")))) -> 🟢 مكتملة | M30: تم الانتهاء | N30: تم استلام العرض التقديمي | P30: 2026 Tasks
A31: 29 | B31: بإعداد دراسة استشارية بالتعاون مع شركات متخصصة في خدمات المواقف | C31: الاستثمار | D31: معتصم العقاد | G31: مكتملة | H31: 1 | K31: =IFERROR(IF(J31="","",IF(G31="مكتملة","✓",J31-TODAY())),"تاريخ غير صحيح") | L31: =IF(G31="مكتملة","🟢 مكتملة",IF(G31="لم تبدأ","⚪ لم تبدأ",IF(J31<TODAY(),"🔴 متأخرة",IF(AND(I31<>"",J31<>"",H31<>"",((TODAY()-I31)/(J31-I31)-H31)>0.3),"🟡 تحتاج متابعة","🟢 في المسار")))) -> 🟢 مكتملة | M31: تم الاتفاق على جلب دراسة سعرية لتأجير المواقف | N31: تم الاستلام | P31: 2026 Tasks
A32: 30 | B32: مراجعة السياسات فنيا من قسم التقنية | C32: التقنية | D32: مرتضى إبراهيم | G32: مكتملة | H32: 1 | K32: =IFERROR(IF(J32="","",IF(G32="مكتملة","✓",J32-TODAY())),"تاريخ غير صحيح") | L32: =IF(G32="مكتملة","🟢 مكتملة",IF(G32="لم تبدأ","⚪ لم تبدأ",IF(J32<TODAY(),"🔴 متأخرة",IF(AND(I32<>"",J32<>"",H32<>"",((TODAY()-I32)/(J32-I32)-H32)>0.3),"🟡 تحتاج متابعة","🟢 في المسار")))) -> 🟢 مكتملة | M32: تم الارسال للتقنية للمراجعة | N32: مكتمل -تم الرد | P32: 2026 Tasks
A33: 31 | B33: افادة عن رسوم الاراضي لعقد اشبيلية | C33: الادارة القانونية | D33: منصور القعود | G33: مكتملة | H33: 1 | K33: =IFERROR(IF(J33="","",IF(G33="مكتملة","✓",J33-TODAY())),"تاريخ غير صحيح") | L33: =IF(G33="مكتملة","🟢 مكتملة",IF(G33="لم تبدأ","⚪ لم تبدأ",IF(J33<TODAY(),"🔴 متأخرة",IF(AND(I33<>"",J33<>"",H33<>"",((TODAY()-I33)/(J33-I33)-H33)>0.3),"🟡 تحتاج متابعة","🟢 في المسار")))) -> 🟢 مكتملة | M33: تم الرد من الإدارة القانونية | N33: الصك مملوك لجهة حكومية وبالتالي لا ينطبق عليها نظام رسوم الأراضي البيضاء أما بخصوص الرسوم المفروضة على الأرض طبقا لعقد الإيجار فنفيدكم بأن العقد لم ينص على رسوم معينة وإنما تكلم عن الرسوم بشكل عام أي كان نوعها. | P33: 2026 Tasks
A34: 32 | B34: دليل شامل لبرنامج دينامكس | C34: التقنية | D34: مرتضى إبراهيم | G34: مكتملة | H34: 1 | J34: 45918 | K34: =IFERROR(IF(J34="","",IF(G34="مكتملة","✓",J34-TODAY())),"تاريخ غير صحيح") -> ✓ | L34: =IF(G34="مكتملة","🟢 مكتملة",IF(G34="لم تبدأ","⚪ لم تبدأ",IF(J34<TODAY(),"🔴 متأخرة",IF(AND(I34<>"",J34<>"",H34<>"",((TODAY()-I34)/(J34-I34)-H34)>0.3),"🟡 تحتاج متابعة","🟢 في المسار")))) -> 🟢 مكتملة | M34: تم الاستلام | N34: مكتمل | P34: 2026 Tasks
A35: 33 | B35: التواصل مع منشآت | C35: الموارد البشرية | D35: رياض الزيد | G35: مكتملة | H35: 1 | J35: 45826 | K35: =IFERROR(IF(J35="","",IF(G35="مكتملة","✓",J35-TODAY())),"تاريخ غير صحيح") -> ✓ | L35: =IF(G35="مكتملة","🟢 مكتملة",IF(G35="لم تبدأ","⚪ لم تبدأ",IF(J35<TODAY(),"🔴 متأخرة",IF(AND(I35<>"",J35<>"",H35<>"",((TODAY()-I35)/(J35-I35)-H35)>0.3),"🟡 تحتاج متابعة","🟢 في المسار")))) -> 🟢 مكتملة | M35: تقديم تقرير عن البرامج المقدمة من منشآت | P35: 2026 Tasks
A36: 34 | B36: دورة تدريبية اونلاين لادارة المرافق | C36: المشاريع | D36: عوض الغوازي | G36: مكتملة | H36: 1 | J36: 45825 | K36: =IFERROR(IF(J36="","",IF(G36="مكتملة","✓",J36-TODAY())),"تاريخ غير صحيح") -> ✓ | L36: =IF(G36="مكتملة","🟢 مكتملة",IF(G36="لم تبدأ","⚪ لم تبدأ",IF(J36<TODAY(),"🔴 متأخرة",IF(AND(I36<>"",J36<>"",H36<>"",((TODAY()-I36)/(J36-I36)-H36)>0.3),"🟡 تحتاج متابعة","🟢 في المسار")))) -> 🟢 مكتملة | M36: حضور الدورة لمنسوبي إدارة المرافق | N36: تم حضور 5 اشخاص | P36: 2026 Tasks
A37: 35 | B37: اقفال شهر مايو | C37: المالية | D37: محمد عبدالحميد | G37: مكتملة | H37: 1 | J37: 45826 | K37: =IFERROR(IF(J37="","",IF(G37="مكتملة","✓",J37-TODAY())),"تاريخ غير صحيح") -> ✓ | L37: =IF(G37="مكتملة","🟢 مكتملة",IF(G37="لم تبدأ","⚪ لم تبدأ",IF(J37<TODAY(),"🔴 متأخرة",IF(AND(I37<>"",J37<>"",H37<>"",((TODAY()-I37)/(J37-I37)-H37)>0.3),"🟡 تحتاج متابعة","🟢 في المسار")))) -> 🟢 مكتملة | N37: مستلم | P37: 2026 Tasks
A38: 36 | B38: تقرير رسوم الأراضي البيضاء والشواغر وتأثير قرار الرسوم على المجموعة | C38: المالية | D38: محمد عبدالحميد | G38: مكتملة | H38: 1 | K38: =IFERROR(IF(J38="","",IF(G38="مكتملة","✓",J38-TODAY())),"تاريخ غير صحيح") | L38: =IF(G38="مكتملة","🟢 مكتملة",IF(G38="لم تبدأ","⚪ لم تبدأ",IF(J38<TODAY(),"🔴 متأخرة",IF(AND(I38<>"",J38<>"",H38<>"",((TODAY()-I38)/(J38-I38)-H38)>0.3),"🟡 تحتاج متابعة","🟢 في المسار")))) -> 🟢 مكتملة | M38: تم الرد من الإدارة المالية بانه في انتظار اصدار اللائحة لحساب الأثر | P38: 2026 Tasks
A39: 37 | B39: عقد خدمات الامن السيبراني | C39: الاستراتيجية | D39: محمد زاهر | G39: مكتملة | H39: 1 | J39: 45797 | K39: =IFERROR(IF(J39="","",IF(G39="مكتملة","✓",J39-TODAY())),"تاريخ غير صحيح") -> ✓ | L39: =IF(G39="مكتملة","🟢 مكتملة",IF(G39="لم تبدأ","⚪ لم تبدأ",IF(J39<TODAY(),"🔴 متأخرة",IF(AND(I39<>"",J39<>"",H39<>"",((TODAY()-I39)/(J39-I39)-H39)>0.3),"🟡 تحتاج متابعة","🟢 في المسار")))) -> 🟢 مكتملة | M39: مكتمل | P39: 2026 Tasks
A40: 38 | B40: تقرير تحصيل شهر 6-2025 | C40: المالية | D40: محمد خضر | G40: مكتملة | H40: 1 | J40: 45841 | K40: =IFERROR(IF(J40="","",IF(G40="مكتملة","✓",J40-TODAY())),"تاريخ غير صحيح") -> ✓ | L40: =IF(G40="مكتملة","🟢 مكتملة",IF(G40="لم تبدأ","⚪ لم تبدأ",IF(J40<TODAY(),"🔴 متأخرة",IF(AND(I40<>"",J40<>"",H40<>"",((TODAY()-I40)/(J40-I40)-H40)>0.3),"🟡 تحتاج متابعة","🟢 في المسار")))) -> 🟢 مكتملة | P40: 2026 Tasks
A41: 39 | B41: ارسال التحصيل بشكل تفصيلي لمدراء العقارات | C41: الاستراتيجية | D41: محمد زاهر | G41: مكتملة | H41: 1 | J41: 45842 | K41: =IFERROR(IF(J41="","",IF(G41="مكتملة","✓",J41-TODAY())),"تاريخ غير صحيح") -> ✓ | L41: =IF(G41="مكتملة","🟢 مكتملة",IF(G41="لم تبدأ","⚪ لم تبدأ",IF(J41<TODAY(),"🔴 متأخرة",IF(AND(I41<>"",J41<>"",H41<>"",((TODAY()-I41)/(J41-I41)-H41)>0.3),"🟡 تحتاج متابعة","🟢 في المسار")))) -> 🟢 مكتملة | P41: 2026 Tasks
A42: 40 | B42: اقفال شهر يونيو 2025 | C42: المالية | D42: محمد عبدالحميد | G42: مكتملة | H42: 1 | J42: 45848 | K42: =IFERROR(IF(J42="","",IF(G42="مكتملة","✓",J42-TODAY())),"تاريخ غير صحيح") -> ✓ | L42: =IF(G42="مكتملة","🟢 مكتملة",IF(G42="لم تبدأ","⚪ لم تبدأ",IF(J42<TODAY(),"🔴 متأخرة",IF(AND(I42<>"",J42<>"",H42<>"",((TODAY()-I42)/(J42-I42)-H42)>0.3),"🟡 تحتاج متابعة","🟢 في المسار")))) -> 🟢 مكتملة | M42: مستلم 13/07 | P42: 2026 Tasks
A43: 41 | B43: تقرير اغلاق شهر 6 للرئيس التنفيذي | C43: الاستراتيجية | D43: محمد زاهر | G43: مكتملة | H43: 1 | J43: 45849 | K43: =IFERROR(IF(J43="","",IF(G43="مكتملة","✓",J43-TODAY())),"تاريخ غير صحيح") -> ✓ | L43: =IF(G43="مكتملة","🟢 مكتملة",IF(G43="لم تبدأ","⚪ لم تبدأ",IF(J43<TODAY(),"🔴 متأخرة",IF(AND(I43<>"",J43<>"",H43<>"",((TODAY()-I43)/(J43-I43)-H43)>0.3),"🟡 تحتاج متابعة","🟢 في المسار")))) -> 🟢 مكتملة | M43: تم الارسال | P43: 2026 Tasks
A44: 42 | B44: اقفال شهر يوليو 2025 | C44: المالية | D44: محمد عبدالحميد | G44: مكتملة | H44: 1 | J44: 45879 | K44: =IFERROR(IF(J44="","",IF(G44="مكتملة","✓",J44-TODAY())),"تاريخ غير صحيح") -> ✓ | L44: =IF(G44="مكتملة","🟢 مكتملة",IF(G44="لم تبدأ","⚪ لم تبدأ",IF(J44<TODAY(),"🔴 متأخرة",IF(AND(I44<>"",J44<>"",H44<>"",((TODAY()-I44)/(J44-I44)-H44)>0.3),"🟡 تحتاج متابعة","🟢 في المسار")))) -> 🟢 مكتملة | P44: 2026 Tasks
A45: 43 | B45: تقرير اغلاق شهر 7 للرئيس التنفيذي | C45: الاستراتيجية | D45: محمد زاهر | G45: مكتملة | H45: 1 | J45: 45880 | K45: =IFERROR(IF(J45="","",IF(G45="مكتملة","✓",J45-TODAY())),"تاريخ غير صحيح") -> ✓ | L45: =IF(G45="مكتملة","🟢 مكتملة",IF(G45="لم تبدأ","⚪ لم تبدأ",IF(J45<TODAY(),"🔴 متأخرة",IF(AND(I45<>"",J45<>"",H45<>"",((TODAY()-I45)/(J45-I45)-H45)>0.3),"🟡 تحتاج متابعة","🟢 في المسار")))) -> 🟢 مكتملة | P45: 2026 Tasks
A46: 44 | B46: سياسة الاستثمار | C46: الاستثمار | D46: معتصم العقاد | E46: P3 - عادي | F46: الامتثال والمخاطر | G46: جاري العمل | H46: 0.9 | J46: 45888 | K46: =IFERROR(IF(J46="","",IF(G46="مكتملة","✓",J46-TODAY())),"تاريخ غير صحيح") -> -226 | L46: =IF(G46="مكتملة","🟢 مكتملة",IF(G46="لم تبدأ","⚪ لم تبدأ",IF(J46<TODAY(),"🔴 متأخرة",IF(AND(I46<>"",J46<>"",H46<>"",((TODAY()-I46)/(J46-I46)-H46)>0.3),"🟡 تحتاج متابعة","🟢 في المسار")))) -> 🔴 متأخرة | M46: تم الإعادة للمناقشة | N46: في انتظار موعد مع (أ نبيل) - التواصل مع نائب رئيس المجلس | P46: 2026 Tasks
A47: 45 | B47: سياسة الاستراتيجية | C47: الاستراتيجية | D47: محمد زاهر | G47: مكتملة | H47: 1 | K47: =IFERROR(IF(J47="","",IF(G47="مكتملة","✓",J47-TODAY())),"تاريخ غير صحيح") | L47: =IF(G47="مكتملة","🟢 مكتملة",IF(G47="لم تبدأ","⚪ لم تبدأ",IF(J47<TODAY(),"🔴 متأخرة",IF(AND(I47<>"",J47<>"",H47<>"",((TODAY()-I47)/(J47-I47)-H47)>0.3),"🟡 تحتاج متابعة","🟢 في المسار")))) -> 🟢 مكتملة | M47: تم الانتهاء من عمل المسودة للعرض على الرئيس | O47: تم الاعتماد | P47: 2026 Tasks
A48: 46 | B48: خطاب للامانه بخصوص سوق غرب الرياض | C48: الادارة القانونية | D48: منصور القعود | G48: مكتملة | H48: 1 | K48: =IFERROR(IF(J48="","",IF(G48="مكتملة","✓",J48-TODAY())),"تاريخ غير صحيح") | L48: =IF(G48="مكتملة","🟢 مكتملة",IF(G48="لم تبدأ","⚪ لم تبدأ",IF(J48<TODAY(),"🔴 متأخرة",IF(AND(I48<>"",J48<>"",H48<>"",((TODAY()-I48)/(J48-I48)-H48)>0.3),"🟡 تحتاج متابعة","🟢 في المسار")))) -> 🟢 مكتملة | M48: تم التحديث وطلب تعديل الخطاب | P48: 2026 Tasks
A49: 47 | B49: توحيد مكان المستندات (السياسات وغيرها) | C49: الاستراتيجية | D49: محمد زاهر | G49: مكتملة | H49: 1 | K49: =IFERROR(IF(J49="","",IF(G49="مكتملة","✓",J49-TODAY())),"تاريخ غير صحيح") | L49: =IF(G49="مكتملة","🟢 مكتملة",IF(G49="لم تبدأ","⚪ لم تبدأ",IF(J49<TODAY(),"🔴 متأخرة",IF(AND(I49<>"",J49<>"",H49<>"",((TODAY()-I49)/(J49-I49)-H49)>0.3),"🟡 تحتاج متابعة","🟢 في المسار")))) -> 🟢 مكتملة | M49: الاستراتيجية | N49: تم توحيد جميع قوالب المستندات | P49: 2026 Tasks
A50: 48 | B50: إضافة قائمة أسعار الوحدات على موديول الموازنة بالنظام | C50: التقنية | G50: مكتملة | H50: 1 | K50: =IFERROR(IF(J50="","",IF(G50="مكتملة","✓",J50-TODAY())),"تاريخ غير صحيح") | L50: =IF(G50="مكتملة","🟢 مكتملة",IF(G50="لم تبدأ","⚪ لم تبدأ",IF(J50<TODAY(),"🔴 متأخرة",IF(AND(I50<>"",J50<>"",H50<>"",((TODAY()-I50)/(J50-I50)-H50)>0.3),"🟡 تحتاج متابعة","🟢 في المسار")))) -> 🟢 مكتملة | M50: يتم ادخال أسعار الوحدات على الدينامكس في موديول الموازنة | N50: التفاصيل بايميل طه | P50: 2026 Tasks
A51: 49 | B51: اعتماد السياسات والإجراءات لتقنية المعلومات والامن السيبراني | C51: التقنية | D51: مرتضى إبراهيم | G51: مكتملة | H51: 1 | K51: =IFERROR(IF(J51="","",IF(G51="مكتملة","✓",J51-TODAY())),"تاريخ غير صحيح") | L51: =IF(G51="مكتملة","🟢 مكتملة",IF(G51="لم تبدأ","⚪ لم تبدأ",IF(J51<TODAY(),"🔴 متأخرة",IF(AND(I51<>"",J51<>"",H51<>"",((TODAY()-I51)/(J51-I51)-H51)>0.3),"🟡 تحتاج متابعة","🟢 في المسار")))) -> 🟢 مكتملة | M51: تم ارسال اعتماد الاستشاري للرئيس التنفيذي | N51: اعتماد الرئيس | O51: تم الاعتماد | P51: 2026 Tasks
A52: 50 | B52: حل مشكلة الصرف الصحي بسوق الطائف | C52: المشاريع | D52: عوض الغوازي | E52: P2 - مهم | F52: التميز التشغيلي | G52: جاري العمل | H52: 0.5 | I52: 45888 | J52: 46022 | K52: =IFERROR(IF(J52="","",IF(G52="مكتملة","✓",J52-TODAY())),"تاريخ غير صحيح") -> -92 | L52: =IF(G52="مكتملة","🟢 مكتملة",IF(G52="لم تبدأ","⚪ لم تبدأ",IF(J52<TODAY(),"🔴 متأخرة",IF(AND(I52<>"",J52<>"",H52<>"",((TODAY()-I52)/(J52-I52)-H52)>0.3),"🟡 تحتاج متابعة","🟢 في المسار")))) -> 🔴 متأخرة | M52: حاليًا قيد الدراسة لدى شركة المياه | N52: تم طلب التحديث 29/3 | P52: 2026 Tasks
A53: 51 | B53: دراسة لفكرة تغيير مكان الحراج الحالي تقدم لوزارة الزراعة | C53: الأصول العقارية | D53: محمد المطيري | E53: P3 - عادي | G53: مكتملة | H53: 0.5 | J53: 45930 | K53: =IFERROR(IF(J53="","",IF(G53="مكتملة","✓",J53-TODAY())),"تاريخ غير صحيح") -> ✓ | L53: =IF(G53="مكتملة","🟢 مكتملة",IF(G53="لم تبدأ","⚪ لم تبدأ",IF(J53<TODAY(),"🔴 متأخرة",IF(AND(I53<>"",J53<>"",H53<>"",((TODAY()-I53)/(J53-I53)-H53)>0.3),"🟡 تحتاج متابعة","🟢 في المسار")))) -> 🟢 مكتملة | M53: ردت وزارة الزراعة بعدم الموافقة على اخذ اجرة | N53: اغلاق المشروع | P53: 2026 Tasks
A54: 52 | B54: مشروع المواقف بسوق الطائف (تقديم عرض من شركة راكن) ثم تقديم المقترح لوزارة الزراعة | C54: الأصول العقارية | D54: محمد المطيري | G54: مكتملة | H54: 1 | J54: 45900 | K54: =IFERROR(IF(J54="","",IF(G54="مكتملة","✓",J54-TODAY())),"تاريخ غير صحيح") -> ✓ | L54: =IF(G54="مكتملة","🟢 مكتملة",IF(G54="لم تبدأ","⚪ لم تبدأ",IF(J54<TODAY(),"🔴 متأخرة",IF(AND(I54<>"",J54<>"",H54<>"",((TODAY()-I54)/(J54-I54)-H54)>0.3),"🟡 تحتاج متابعة","🟢 في المسار")))) -> 🟢 مكتملة | M54: لايمكن منحنا الموافقة من خلال فرع الزراعة وأنه بإمكاننا أخذ الموافقة من الشركة الوطنية الزراعية | N54: تم الرفض من الزراعة | P54: 2026 Tasks
A55: 53 | B55: تقديم دراسة حيال إمكانية رفع قيمة عقد التحميل والتنزيل | C55: الأصول العقارية | G55: مكتملة | H55: 1 | K55: =IFERROR(IF(J55="","",IF(G55="مكتملة","✓",J55-TODAY())),"تاريخ غير صحيح") | L55: =IF(G55="مكتملة","🟢 مكتملة",IF(G55="لم تبدأ","⚪ لم تبدأ",IF(J55<TODAY(),"🔴 متأخرة",IF(AND(I55<>"",J55<>"",H55<>"",((TODAY()-I55)/(J55-I55)-H55)>0.3),"🟡 تحتاج متابعة","🟢 في المسار")))) -> 🟢 مكتملة | M55: تمت المتابعة مع سلطان المحمدي وفي انتظار الرد | N55: تم استلام التوصية من الاستثمار بعدم جدوى الاستثمار | P55: 2026 Tasks
A56: 54 | B56: تقرير تطوير سوق المدينة | C56: الاستراتيجية | D56: محمد زاهر | G56: مكتملة | H56: 1 | K56: =IFERROR(IF(J56="","",IF(G56="مكتملة","✓",J56-TODAY())),"تاريخ غير صحيح") | L56: =IF(G56="مكتملة","🟢 مكتملة",IF(G56="لم تبدأ","⚪ لم تبدأ",IF(J56<TODAY(),"🔴 متأخرة",IF(AND(I56<>"",J56<>"",H56<>"",((TODAY()-I56)/(J56-I56)-H56)>0.3),"🟡 تحتاج متابعة","🟢 في المسار")))) -> 🟢 مكتملة | M56: إضافة تقرير لتطوير سوق المدينة بتقرير اللجنة التنفيذية | N56: تم ارسال العرض للرئيس | P56: 2026 Tasks
A57: 55 | B57: إضافة زيادة في عدد عمال النظافة الى 16 عامل ومعرفة الأثر | C57: المشاريع | D57: عوض الغوازي | G57: مكتملة | H57: 1 | K57: =IFERROR(IF(J57="","",IF(G57="مكتملة","✓",J57-TODAY())),"تاريخ غير صحيح") | L57: =IF(G57="مكتملة","🟢 مكتملة",IF(G57="لم تبدأ","⚪ لم تبدأ",IF(J57<TODAY(),"🔴 متأخرة",IF(AND(I57<>"",J57<>"",H57<>"",((TODAY()-I57)/(J57-I57)-H57)>0.3),"🟡 تحتاج متابعة","🟢 في المسار")))) -> 🟢 مكتملة | M57: تمت المتابعة مع م عوض وفي انتظار الرد | N57: تمت زيادة 4 اشخاص | P57: 2026 Tasks
A58: 56 | B58: تجديد رخصة بناء اشبيلية | C58: المشاريع | D58: محمد بطران | E58: P2 - مهم | F58: الامتثال والمخاطر | G58: جاري العمل | H58: 0.5 | J58: 46142 | K58: =IFERROR(IF(J58="","",IF(G58="مكتملة","✓",J58-TODAY())),"تاريخ غير صحيح") -> 28 | L58: =IF(G58="مكتملة","🟢 مكتملة",IF(G58="لم تبدأ","⚪ لم تبدأ",IF(J58<TODAY(),"🔴 متأخرة",IF(AND(I58<>"",J58<>"",H58<>"",((TODAY()-I58)/(J58-I58)-H58)>0.3),"🟡 تحتاج متابعة","🟢 في المسار")))) -> 🟢 في المسار | M58: تم اصدار الوثيقة | N58: تم ارسال الوثيقة للاستشاري لبدء العمل على رفع التقارير | O58: الاستشاري يرفع التقارير -على منصة بلدي | P58: 2026 Tasks
A59: 57 | B59: دراسة تشغيل المواقف | C59: الاستثمار | D59: معتصم العقاد | G59: مكتملة | H59: 1 | K59: =IFERROR(IF(J59="","",IF(G59="مكتملة","✓",J59-TODAY())),"تاريخ غير صحيح") | L59: =IF(G59="مكتملة","🟢 مكتملة",IF(G59="لم تبدأ","⚪ لم تبدأ",IF(J59<TODAY(),"🔴 متأخرة",IF(AND(I59<>"",J59<>"",H59<>"",((TODAY()-I59)/(J59-I59)-H59)>0.3),"🟡 تحتاج متابعة","🟢 في المسار")))) -> 🟢 مكتملة | M59: وجهت اللجنة الإدارة التنفيذية المزيد من الدراسة والبحث على أفضل الممارسات من خلال الحصول على ثلاث عروض لأكبر ثلاث شركات متخصصة | N59: تم استلام عرض باتك وجاري عمل سلايد تقرير | P59: 2026 Tasks
A60: 58 | B60: التأمين على الممتلكات | C60: الاستثمار | D60: محمد الحجي | G60: مكتملة | H60: 1 | K60: =IFERROR(IF(J60="","",IF(G60="مكتملة","✓",J60-TODAY())),"تاريخ غير صحيح") | L60: =IF(G60="مكتملة","🟢 مكتملة",IF(G60="لم تبدأ","⚪ لم تبدأ",IF(J60<TODAY(),"🔴 متأخرة",IF(AND(I60<>"",J60<>"",H60<>"",((TODAY()-I60)/(J60-I60)-H60)>0.3),"🟡 تحتاج متابعة","🟢 في المسار")))) -> 🟢 مكتملة | M60: تم تجديد الوثيقة | P60: 2026 Tasks
A61: 59 | B61: التقنية العقارية | C61: الاستثمار | D61: معتصم العقاد | E61: P3 - عادي | F61: نمو الإيرادات | G61: جاري العمل | H61: 0.8 | J61: 46022 | K61: =IFERROR(IF(J61="","",IF(G61="مكتملة","✓",J61-TODAY())),"تاريخ غير صحيح") -> -92 | L61: =IF(G61="مكتملة","🟢 مكتملة",IF(G61="لم تبدأ","⚪ لم تبدأ",IF(J61<TODAY(),"🔴 متأخرة",IF(AND(I61<>"",J61<>"",H61<>"",((TODAY()-I61)/(J61-I61)-H61)>0.3),"🟡 تحتاج متابعة","🟢 في المسار")))) -> 🔴 متأخرة | M61: أعاد المجلس دراسة قطاع التقنية العقارية (Prop-Tech) إلى الإدارة التنفيذية | N61: ووجه المجلس تشكيل لجنة متخصصة للاستثمار التقني | P61: 2026 Tasks
A62: 60 | B62: حل مشكلة تصريف السيول بسوق الطائف | C62: المشاريع | D62: عوض الغوازي | E62: P2 - مهم | F62: التميز التشغيلي | G62: جاري العمل | H62: 0.9 | I62: 45888 | J62: 46022 | K62: =IFERROR(IF(J62="","",IF(G62="مكتملة","✓",J62-TODAY())),"تاريخ غير صحيح") -> -92 | L62: =IF(G62="مكتملة","🟢 مكتملة",IF(G62="لم تبدأ","⚪ لم تبدأ",IF(J62<TODAY(),"🔴 متأخرة",IF(AND(I62<>"",J62<>"",H62<>"",((TODAY()-I62)/(J62-I62)-H62)>0.3),"🟡 تحتاج متابعة","🟢 في المسار")))) -> 🔴 متأخرة | M62: عقد المقاول وعقد الاستشاري جاهزين وبداية تنفيذ المشروع بعد العيد | N62: تم طلب التحديث 29/3 | P62: 2026 Tasks
A63: 61 | B63: تكاليف مشروع حفر الباطن | C63: المالية | D63: محمد خضر | G63: مكتملة | H63: 1 | K63: =IFERROR(IF(J63="","",IF(G63="مكتملة","✓",J63-TODAY())),"تاريخ غير صحيح") | L63: =IF(G63="مكتملة","🟢 مكتملة",IF(G63="لم تبدأ","⚪ لم تبدأ",IF(J63<TODAY(),"🔴 متأخرة",IF(AND(I63<>"",J63<>"",H63<>"",((TODAY()-I63)/(J63-I63)-H63)>0.3),"🟡 تحتاج متابعة","🟢 في المسار")))) -> 🟢 مكتملة | M63: تكاليف مشروع حفر الباطن واجمالي المدفوعات النقدية من طرف المالك | P63: 2026 Tasks
A64: 62 | B64: مشاكل المستاجرين التي تمنع إتمام التأمين بسوق الطائف | C64: الأصول العقارية | D64: محمد المطيري | E64: P1 - عاجل | F64: الامتثال والمخاطر | G64: مكتملة | H64: 1 | K64: =IFERROR(IF(J64="","",IF(G64="مكتملة","✓",J64-TODAY())),"تاريخ غير صحيح") | L64: =IF(G64="مكتملة","🟢 مكتملة",IF(G64="لم تبدأ","⚪ لم تبدأ",IF(J64<TODAY(),"🔴 متأخرة",IF(AND(I64<>"",J64<>"",H64<>"",((TODAY()-I64)/(J64-I64)-H64)>0.3),"🟡 تحتاج متابعة","🟢 في المسار")))) -> 🟢 مكتملة | M64: تم ارسال تذكير لمدير العقار | N64: تم التعامل معهم وحلها وسيتم الزيارة يوم الاثنين | P64: 2026 Tasks
A65: 63 | B65: سياسات إدارة المرافق | C65: المشاريع | D65: عوض الغوازي | G65: مكتملة | H65: 1 | K65: =IFERROR(IF(J65="","",IF(G65="مكتملة","✓",J65-TODAY())),"تاريخ غير صحيح") | L65: =IF(G65="مكتملة","🟢 مكتملة",IF(G65="لم تبدأ","⚪ لم تبدأ",IF(J65<TODAY(),"🔴 متأخرة",IF(AND(I65<>"",J65<>"",H65<>"",((TODAY()-I65)/(J65-I65)-H65)>0.3),"🟡 تحتاج متابعة","🟢 في المسار")))) -> 🟢 مكتملة | M65: تم ارسال التعديلات للمهندس عوض لعمل اللازم | N65: تم الاعتماد والارسال للجنة | O65: معتمد | P65: 2026 Tasks
A66: 64 | B66: اتفاقية تصميم المبنى | C66: المشاريع | G66: مكتملة | H66: 1 | K66: =IFERROR(IF(J66="","",IF(G66="مكتملة","✓",J66-TODAY())),"تاريخ غير صحيح") | L66: =IF(G66="مكتملة","🟢 مكتملة",IF(G66="لم تبدأ","⚪ لم تبدأ",IF(J66<TODAY(),"🔴 متأخرة",IF(AND(I66<>"",J66<>"",H66<>"",((TODAY()-I66)/(J66-I66)-H66)>0.3),"🟡 تحتاج متابعة","🟢 في المسار")))) -> 🟢 مكتملة | P66: 2026 Tasks
A67: 65 | B67: بيع ارض العريجاء | C67: تطوير الاعمال | D67: عبد الاله المرشد | G67: مكتملة | H67: 1 | K67: =IFERROR(IF(J67="","",IF(G67="مكتملة","✓",J67-TODAY())),"تاريخ غير صحيح") | L67: =IF(G67="مكتملة","🟢 مكتملة",IF(G67="لم تبدأ","⚪ لم تبدأ",IF(J67<TODAY(),"🔴 متأخرة",IF(AND(I67<>"",J67<>"",H67<>"",((TODAY()-I67)/(J67-I67)-H67)>0.3),"🟡 تحتاج متابعة","🟢 في المسار")))) -> 🟢 مكتملة | M67: تقييم الأرض 3.7 مليون | N67: تم التوصية من المجلس بعدم البيع | P67: 2026 Tasks
A68: 66 | B68: عروض أسعار استشاري لتطوير سوق المدينة | C68: المشاريع | D68: محمد المهدي | G68: مكتملة | H68: 1 | K68: =IFERROR(IF(J68="","",IF(G68="مكتملة","✓",J68-TODAY())),"تاريخ غير صحيح") | L68: =IF(G68="مكتملة","🟢 مكتملة",IF(G68="لم تبدأ","⚪ لم تبدأ",IF(J68<TODAY(),"🔴 متأخرة",IF(AND(I68<>"",J68<>"",H68<>"",((TODAY()-I68)/(J68-I68)-H68)>0.3),"🟡 تحتاج متابعة","🟢 في المسار")))) -> 🟢 مكتملة | M68: تم التوجيه بتجميع العروض وارسال مذكرة مع التوصية | N68: تم التعاقد بداية من 20/10/2025 ولمدة 45 يوم | O68: تم الاعتماد | P68: 2026 Tasks
A69: 67 | B69: اصدار رخصة ترميم للمبنى الجديد | C69: المشاريع | D69: عوض الغوازي | G69: مكتملة | H69: 1 | K69: =IFERROR(IF(J69="","",IF(G69="مكتملة","✓",J69-TODAY())),"تاريخ غير صحيح") | L69: =IF(G69="مكتملة","🟢 مكتملة",IF(G69="لم تبدأ","⚪ لم تبدأ",IF(J69<TODAY(),"🔴 متأخرة",IF(AND(I69<>"",J69<>"",H69<>"",((TODAY()-I69)/(J69-I69)-H69)>0.3),"🟡 تحتاج متابعة","🟢 في المسار")))) -> 🟢 مكتملة | M69: تم إلغاء الطلبات السابقة والتعاقد مباشرة مع لاستشاري بغرض نقل ملكية الرخصة | N69: تم تعميد الفاتورة | P69: 2026 Tasks
A70: 68 | B70: التسجيل العيني للعقارات في هيئة العقار | C70: المشاريع | D70: محمد بطران | E70: P3 - عادي | F70: الامتثال والمخاطر | G70: جاري العمل | H70: 0.95 | J70: 46203 | K70: =IFERROR(IF(J70="","",IF(G70="مكتملة","✓",J70-TODAY())),"تاريخ غير صحيح") -> 89 | L70: =IF(G70="مكتملة","🟢 مكتملة",IF(G70="لم تبدأ","⚪ لم تبدأ",IF(J70<TODAY(),"🔴 متأخرة",IF(AND(I70<>"",J70<>"",H70<>"",((TODAY()-I70)/(J70-I70)-H70)>0.3),"🟡 تحتاج متابعة","🟢 في المسار")))) -> 🟢 في المسار | M70: جاري العمل مع (المطيري - يوسف حامد - المشاريع) لاستلام النواقص (صكوك - رفع مساحي) | N70: تم طلب التحديث 29/3 | P70: 2026 Tasks
A71: 69 | B71: نظام البناء بارض الخزامى | C71: المشاريع | D71: جازع | G71: مكتملة | H71: 1 | K71: =IFERROR(IF(J71="","",IF(G71="مكتملة","✓",J71-TODAY())),"تاريخ غير صحيح") | L71: =IF(G71="مكتملة","🟢 مكتملة",IF(G71="لم تبدأ","⚪ لم تبدأ",IF(J71<TODAY(),"🔴 متأخرة",IF(AND(I71<>"",J71<>"",H71<>"",((TODAY()-I71)/(J71-I71)-H71)>0.3),"🟡 تحتاج متابعة","🟢 في المسار")))) -> 🟢 مكتملة | M71: الارض ماعليها ايقاف - المطلوب تقديم مقترح المشروع مع صور الواجهات الانها بتقدم الدرعية | N71: تم استلام ارقام التكاليف وجاري اعداد نموذج مالي وعرض تقديمي | P71: 2026 Tasks
A72: 70 | B72: نظام رسوم الأراضي البيضاء | C72: الاستثمار | D72: محمد الحجي | G72: مكتملة | H72: 1 | K72: =IFERROR(IF(J72="","",IF(G72="مكتملة","✓",J72-TODAY())),"تاريخ غير صحيح") | L72: =IF(G72="مكتملة","🟢 مكتملة",IF(G72="لم تبدأ","⚪ لم تبدأ",IF(J72<TODAY(),"🔴 متأخرة",IF(AND(I72<>"",J72<>"",H72<>"",((TODAY()-I72)/(J72-I72)-H72)>0.3),"🟡 تحتاج متابعة","🟢 في المسار")))) -> 🟢 مكتملة | M72: الغنامية – الخزامى – العريجاء | N72: مكتمل | P72: 2026 Tasks
A73: 71 | B73: تطورات الشراكة مع شركة وسط الرياض | C73: الاستثمار | D73: معتصم العقاد | G73: مكتملة | H73: 1 | K73: =IFERROR(IF(J73="","",IF(G73="مكتملة","✓",J73-TODAY())),"تاريخ غير صحيح") | L73: =IF(G73="مكتملة","🟢 مكتملة",IF(G73="لم تبدأ","⚪ لم تبدأ",IF(J73<TODAY(),"🔴 متأخرة",IF(AND(I73<>"",J73<>"",H73<>"",((TODAY()-I73)/(J73-I73)-H73)>0.3),"🟡 تحتاج متابعة","🟢 في المسار")))) -> 🟢 مكتملة | M73: تم مناقشة العرض وتبين ان المطلوب هو الإبقاء على نسيج المنطقة وبناء سوق مثل سوق الدحو | N73: حسب إدارة الاستثمار - التصميم الجديد غير مجدي | P73: 2026 Tasks
A74: 72 | B74: التامين على العقيق | C74: المرافق | D74: عوض الغوازي | E74: P3 - عادي | F74: الامتثال والمخاطر | G74: جاري العمل | H74: 0.1 | J74: 46203 | K74: =IFERROR(IF(J74="","",IF(G74="مكتملة","✓",J74-TODAY())),"تاريخ غير صحيح") -> 89 | L74: =IF(G74="مكتملة","🟢 مكتملة",IF(G74="لم تبدأ","⚪ لم تبدأ",IF(J74<TODAY(),"🔴 متأخرة",IF(AND(I74<>"",J74<>"",H74<>"",((TODAY()-I74)/(J74-I74)-H74)>0.3),"🟡 تحتاج متابعة","🟢 في المسار")))) -> 🟢 في المسار | M74: جاري العمل حسب الخطة | N74: بعد الرفع المساحي للموقع يوجد زوائد على الطبيعة خارج حدود الصك وجاري العمل على حل الإشكالية عن طريق إدارة أخرى لديهم | P74: 2026 Tasks
A75: 73 | B75: دراسة كوليرز مع السعودي للاستثمار | C75: الاستثمار | D75: معتصم العقاد | G75: مكتملة | H75: 1 | K75: =IFERROR(IF(J75="","",IF(G75="مكتملة","✓",J75-TODAY())),"تاريخ غير صحيح") | L75: =IF(G75="مكتملة","🟢 مكتملة",IF(G75="لم تبدأ","⚪ لم تبدأ",IF(J75<TODAY(),"🔴 متأخرة",IF(AND(I75<>"",J75<>"",H75<>"",((TODAY()-I75)/(J75-I75)-H75)>0.3),"🟡 تحتاج متابعة","🟢 في المسار")))) -> 🟢 مكتملة | M75: موعد تسليم المسودة يوم الاثنين | N75: تم الانتهاء منها | P75: 2026 Tasks
A76: 74 | B76: التكلفة لمشروع تسعير خميس مشيط | C76: الاستثمار | D76: معتصم العقاد | G76: مكتملة | H76: 1 | K76: =IFERROR(IF(J76="","",IF(G76="مكتملة","✓",J76-TODAY())),"تاريخ غير صحيح") | L76: =IF(G76="مكتملة","🟢 مكتملة",IF(G76="لم تبدأ","⚪ لم تبدأ",IF(J76<TODAY(),"🔴 متأخرة",IF(AND(I76<>"",J76<>"",H76<>"",((TODAY()-I76)/(J76-I76)-H76)>0.3),"🟡 تحتاج متابعة","🟢 في المسار")))) -> 🟢 مكتملة | M76: تم استلام عرض الاستشاري كومباس بمبلغ 541 مليون | P76: 2026 Tasks
A77: 75 | B77: تمويل البنك السعودي للاستثمار | C77: الاستثمار | D77: معتصم العقاد | E77: P2 - مهم | F77: الامتثال والمخاطر | G77: مكتملة | K77: =IFERROR(IF(J77="","",IF(G77="مكتملة","✓",J77-TODAY())),"تاريخ غير صحيح") | L77: =IF(G77="مكتملة","🟢 مكتملة",IF(G77="لم تبدأ","⚪ لم تبدأ",IF(J77<TODAY(),"🔴 متأخرة",IF(AND(I77<>"",J77<>"",H77<>"",((TODAY()-I77)/(J77-I77)-H77)>0.3),"🟡 تحتاج متابعة","🟢 في المسار")))) -> 🟢 مكتملة | M77: 290 مليون جاهز | P77: 2026 Tasks
A78: 76 | B78: عرض خميس مشيط الجديد بعد التعديل | C78: الاستثمار | D78: معتصم العقاد | G78: مكتملة | H78: 1 | K78: =IFERROR(IF(J78="","",IF(G78="مكتملة","✓",J78-TODAY())),"تاريخ غير صحيح") | L78: =IF(G78="مكتملة","🟢 مكتملة",IF(G78="لم تبدأ","⚪ لم تبدأ",IF(J78<TODAY(),"🔴 متأخرة",IF(AND(I78<>"",J78<>"",H78<>"",((TODAY()-I78)/(J78-I78)-H78)>0.3),"🟡 تحتاج متابعة","🟢 في المسار")))) -> 🟢 مكتملة | N78: جاهز | P78: 2026 Tasks
A79: 77 | B79: إعادة طرح السوبر ماركت بمشروع إشبيليا على عدد من الشركات المنافسة. | C79: الأصول العقارية | D79: محمد المطيري | G79: مكتملة | H79: 1 | K79: =IFERROR(IF(J79="","",IF(G79="مكتملة","✓",J79-TODAY())),"تاريخ غير صحيح") | L79: =IF(G79="مكتملة","🟢 مكتملة",IF(G79="لم تبدأ","⚪ لم تبدأ",IF(J79<TODAY(),"🔴 متأخرة",IF(AND(I79<>"",J79<>"",H79<>"",((TODAY()-I79)/(J79-I79)-H79)>0.3),"🟡 تحتاج متابعة","🟢 في المسار")))) -> 🟢 مكتملة | M79: تم التذكير | N79: تم استلام التحديث | P79: 2026 Tasks
A80: 78 | B80: جرد المبنى الجديد | C80: المالية | D80: محمد خضر | E80: P3 - عادي | F80: الامتثال والمخاطر | G80: مكتملة | H80: 1 | J80: 46112 | K80: =IFERROR(IF(J80="","",IF(G80="مكتملة","✓",J80-TODAY())),"تاريخ غير صحيح") -> ✓ | L80: =IF(G80="مكتملة","🟢 مكتملة",IF(G80="لم تبدأ","⚪ لم تبدأ",IF(J80<TODAY(),"🔴 متأخرة",IF(AND(I80<>"",J80<>"",H80<>"",((TODAY()-I80)/(J80-I80)-H80)>0.3),"🟡 تحتاج متابعة","🟢 في المسار")))) -> 🟢 مكتملة | M80: تم الانتهاء من عملية الجرد | P80: 2026 Tasks
A81: 79 | B81: خطة اقفال 2026 | C81: المالية | D81: محمد عبدالحميد | G81: مكتملة | H81: 1 | J81: 45981 | K81: =IFERROR(IF(J81="","",IF(G81="مكتملة","✓",J81-TODAY())),"تاريخ غير صحيح") -> ✓ | L81: =IF(G81="مكتملة","🟢 مكتملة",IF(G81="لم تبدأ","⚪ لم تبدأ",IF(J81<TODAY(),"🔴 متأخرة",IF(AND(I81<>"",J81<>"",H81<>"",((TODAY()-I81)/(J81-I81)-H81)>0.3),"🟡 تحتاج متابعة","🟢 في المسار")))) -> 🟢 مكتملة | N81: مكتمل | P81: 2026 Tasks
A82: 80 | B82: تكاليف الامن السيبراني | C82: التقنية | D82: مرتضى إبراهيم | G82: مكتملة | H82: 1 | J82: 45981 | K82: =IFERROR(IF(J82="","",IF(G82="مكتملة","✓",J82-TODAY())),"تاريخ غير صحيح") -> ✓ | L82: =IF(G82="مكتملة","🟢 مكتملة",IF(G82="لم تبدأ","⚪ لم تبدأ",IF(J82<TODAY(),"🔴 متأخرة",IF(AND(I82<>"",J82<>"",H82<>"",((TODAY()-I82)/(J82-I82)-H82)>0.3),"🟡 تحتاج متابعة","🟢 في المسار")))) -> 🟢 مكتملة | N82: مكتمل | P82: 2026 Tasks
A83: 81 | B83: موازنة 2026 | C83: المالية | D83: عادل جلال | G83: مكتملة | H83: 1 | J83: 45976 | K83: =IFERROR(IF(J83="","",IF(G83="مكتملة","✓",J83-TODAY())),"تاريخ غير صحيح") -> ✓ | L83: =IF(G83="مكتملة","🟢 مكتملة",IF(G83="لم تبدأ","⚪ لم تبدأ",IF(J83<TODAY(),"🔴 متأخرة",IF(AND(I83<>"",J83<>"",H83<>"",((TODAY()-I83)/(J83-I83)-H83)>0.3),"🟡 تحتاج متابعة","🟢 في المسار")))) -> 🟢 مكتملة | N83: مكتمل | P83: 2026 Tasks
A84: 82 | B84: تعديل تقرير خميس مشيط | C84: الاستثمار | D84: معتصم العقاد | G84: مكتملة | H84: 1 | J84: 45981 | K84: =IFERROR(IF(J84="","",IF(G84="مكتملة","✓",J84-TODAY())),"تاريخ غير صحيح") -> ✓ | L84: =IF(G84="مكتملة","🟢 مكتملة",IF(G84="لم تبدأ","⚪ لم تبدأ",IF(J84<TODAY(),"🔴 متأخرة",IF(AND(I84<>"",J84<>"",H84<>"",((TODAY()-I84)/(J84-I84)-H84)>0.3),"🟡 تحتاج متابعة","🟢 في المسار")))) -> 🟢 مكتملة | M84: تم ارسال التحديثات لمعتصم | N84: تم الارسال | P84: 2026 Tasks
A85: 83 | B85: دراسة الاستخدام الأمثل للمواقف | C85: الاستثمار | D85: معتصم العقاد | G85: مكتملة | H85: 1 | J85: 45981 | K85: =IFERROR(IF(J85="","",IF(G85="مكتملة","✓",J85-TODAY())),"تاريخ غير صحيح") -> ✓ | L85: =IF(G85="مكتملة","🟢 مكتملة",IF(G85="لم تبدأ","⚪ لم تبدأ",IF(J85<TODAY(),"🔴 متأخرة",IF(AND(I85<>"",J85<>"",H85<>"",((TODAY()-I85)/(J85-I85)-H85)>0.3),"🟡 تحتاج متابعة","🟢 في المسار")))) -> 🟢 مكتملة | N85: تم استلام العرض من شركة بصمة وسيتم تجهيز تقرير للعرض على للجنة | P85: 2026 Tasks
A86: 84 | B86: الإيرادات الأخرى في الأصول العقارية حتى نهاية الربع الثالث | C86: الأصول العقارية | D86: محمد المطيري | G86: مكتملة | H86: 1 | J86: 45981 | K86: =IFERROR(IF(J86="","",IF(G86="مكتملة","✓",J86-TODAY())),"تاريخ غير صحيح") -> ✓ | L86: =IF(G86="مكتملة","🟢 مكتملة",IF(G86="لم تبدأ","⚪ لم تبدأ",IF(J86<TODAY(),"🔴 متأخرة",IF(AND(I86<>"",J86<>"",H86<>"",((TODAY()-I86)/(J86-I86)-H86)>0.3),"🟡 تحتاج متابعة","🟢 في المسار")))) -> 🟢 مكتملة | N86: مكتمل وتم استلام التقرير | P86: 2026 Tasks
A87: 85 | B87: صك الغنامية | C87: المشاريع | D87: محمد بطران | E87: P1 - عاجل | F87: الامتثال والمخاطر | G87: جاري العمل | H87: 0.5 | J87: 46112 | K87: =IFERROR(IF(J87="","",IF(G87="مكتملة","✓",J87-TODAY())),"تاريخ غير صحيح") -> -2 | L87: =IF(G87="مكتملة","🟢 مكتملة",IF(G87="لم تبدأ","⚪ لم تبدأ",IF(J87<TODAY(),"🔴 متأخرة",IF(AND(I87<>"",J87<>"",H87<>"",((TODAY()-I87)/(J87-I87)-H87)>0.3),"🟡 تحتاج متابعة","🟢 في المسار")))) -> 🔴 متأخرة | M87: ادارة أنظمة البناء و سوف يتم دراسة الموضوع والبت | N87: تم طلب التحديث 29/3 | P87: 2026 Tasks
A88: 86 | B88: تطبيق عناقيد الفاكهة | C88: التقنية | G88: مكتملة | H88: 1 | K88: =IFERROR(IF(J88="","",IF(G88="مكتملة","✓",J88-TODAY())),"تاريخ غير صحيح") | L88: =IF(G88="مكتملة","🟢 مكتملة",IF(G88="لم تبدأ","⚪ لم تبدأ",IF(J88<TODAY(),"🔴 متأخرة",IF(AND(I88<>"",J88<>"",H88<>"",((TODAY()-I88)/(J88-I88)-H88)>0.3),"🟡 تحتاج متابعة","🟢 في المسار")))) -> 🟢 مكتملة | M88: في انتظار الجدول الزمني لانهاء ربط التطبيق على دينامكس محاسبيا | P88: 2026 Tasks
A89: 87 | B89: تطوير سوق المدينة | C89: المشاريع | D89: محمد المهدي | G89: مكتملة | H89: 1 | K89: =IFERROR(IF(J89="","",IF(G89="مكتملة","✓",J89-TODAY())),"تاريخ غير صحيح") | L89: =IF(G89="مكتملة","🟢 مكتملة",IF(G89="لم تبدأ","⚪ لم تبدأ",IF(J89<TODAY(),"🔴 متأخرة",IF(AND(I89<>"",J89<>"",H89<>"",((TODAY()-I89)/(J89-I89)-H89)>0.3),"🟡 تحتاج متابعة","🟢 في المسار")))) -> 🟢 مكتملة | M89: جاري حصر تكاليف الازالة والانشاء الجديد حسب المخططات الأخيرة | P89: 2026 Tasks
A90: 88 | B90: تطبيق عناقيد الفاكهة | C90: التقنية | D90: طه أبو طه | E90: P2 - مهم | F90: التحول الرقمي | G90: جاري العمل | H90: 0.6 | J90: 46159 | K90: =IFERROR(IF(J90="","",IF(G90="مكتملة","✓",J90-TODAY())),"تاريخ غير صحيح") -> 45 | L90: =IF(G90="مكتملة","🟢 مكتملة",IF(G90="لم تبدأ","⚪ لم تبدأ",IF(J90<TODAY(),"🔴 متأخرة",IF(AND(I90<>"",J90<>"",H90<>"",((TODAY()-I90)/(J90-I90)-H90)>0.3),"🟡 تحتاج متابعة","🟢 في المسار")))) -> 🟢 في المسار | M90: جاري العمل - على ان يتم الانتهاء بنهاية شهر ابريل | N90: تم طلب التحديث 29/3 | P90: 2026 Tasks
A91: 89 | B91: تطوير سوق المدينة | C91: المشاريع | D91: محمد المهدي | G91: مكتملة | K91: =IFERROR(IF(J91="","",IF(G91="مكتملة","✓",J91-TODAY())),"تاريخ غير صحيح") | L91: =IF(G91="مكتملة","🟢 مكتملة",IF(G91="لم تبدأ","⚪ لم تبدأ",IF(J91<TODAY(),"🔴 متأخرة",IF(AND(I91<>"",J91<>"",H91<>"",((TODAY()-I91)/(J91-I91)-H91)>0.3),"🟡 تحتاج متابعة","🟢 في المسار")))) -> 🟢 مكتملة | M91: تم تجهيز العرض التقديمي وارساله لCEO | N91: تم اعتماد الرئيس التنفيذي - حسب افادة نائب الرئيس | P91: 2026 Tasks
A92: 90 | B92: اقفال شهر فبراير | C92: المالية | D92: محمد عبدالحميد | E92: P1 - عاجل | F92: التميز التشغيلي | G92: مكتملة | H92: 0.9 | J92: 46091 | K92: =IFERROR(IF(J92="","",IF(G92="مكتملة","✓",J92-TODAY())),"تاريخ غير صحيح") -> ✓ | L92: =IF(G92="مكتملة","🟢 مكتملة",IF(G92="لم تبدأ","⚪ لم تبدأ",IF(J92<TODAY(),"🔴 متأخرة",IF(AND(I92<>"",J92<>"",H92<>"",((TODAY()-I92)/(J92-I92)-H92)>0.3),"🟡 تحتاج متابعة","🟢 في المسار")))) -> 🟢 مكتملة | P92: 2026 Tasks
A93: 91 | B93: الجدول الزمني لمسارات استراتيجية راس المال البشري | C93: الموارد البشرية | D93: ليلى السهلي | E93: P3 - عادي | F93: التميز التشغيلي | G93: جاري العمل | H93: 0.2 | J93: 46112 | K93: =IFERROR(IF(J93="","",IF(G93="مكتملة","✓",J93-TODAY())),"تاريخ غير صحيح") -> -2 | L93: =IF(G93="مكتملة","🟢 مكتملة",IF(G93="لم تبدأ","⚪ لم تبدأ",IF(J93<TODAY(),"🔴 متأخرة",IF(AND(I93<>"",J93<>"",H93<>"",((TODAY()-I93)/(J93-I93)-H93)>0.3),"🟡 تحتاج متابعة","🟢 في المسار")))) -> 🔴 متأخرة | M93: لازال العمل تحت الدراسة وسيتم التحديد لاحقا | N93: تم طلب التحديث 29/3 | P93: 2026 Tasks
A94: 92 | B94: تنفيذ اعداد وتخطيط الموازنة على الدينامكس | C94: المالية | D94: محمد عبدالحميد | E94: P2 - مهم | F94: التحول الرقمي | G94: جاري العمل | H94: 0 | J94: 46203 | K94: =IFERROR(IF(J94="","",IF(G94="مكتملة","✓",J94-TODAY())),"تاريخ غير صحيح") -> 89 | L94: =IF(G94="مكتملة","🟢 مكتملة",IF(G94="لم تبدأ","⚪ لم تبدأ",IF(J94<TODAY(),"🔴 متأخرة",IF(AND(I94<>"",J94<>"",H94<>"",((TODAY()-I94)/(J94-I94)-H94)>0.3),"🟡 تحتاج متابعة","🟢 في المسار")))) -> 🟢 في المسار | M94: تم الاجتماع مع المطور وجاري العمل على الخطة الزمنية | N94: تم طلب التحديث 29/3 | P94: 2026 Tasks
A95: 93 | B95: خطة تخفيض التكاليف | C95: المالية | D95: محمد عبدالحميد | E95: P2 - مهم | F95: التميز التشغيلي | G95: جاري العمل | H95: 0.5 | J95: 46387 | K95: =IFERROR(IF(J95="","",IF(G95="مكتملة","✓",J95-TODAY())),"تاريخ غير صحيح") -> 273 | L95: =IF(G95="مكتملة","🟢 مكتملة",IF(G95="لم تبدأ","⚪ لم تبدأ",IF(J95<TODAY(),"🔴 متأخرة",IF(AND(I95<>"",J95<>"",H95<>"",((TODAY()-I95)/(J95-I95)-H95)>0.3),"🟡 تحتاج متابعة","🟢 في المسار")))) -> 🟢 في المسار | M95: تم تقديم خطة لتخفيض مبلغ 4 مليون ريال | N95: المتابعة شهريا للوصول للمستهدف | P95: 2026 Tasks
A96: 94 | B96: مشروع الخزامى | C96: الاستثمار | D96: معتصم العقاد | E96: P1 - عاجل | F96: نمو الإيرادات | G96: جاري العمل | H96: 0.8 | J96: 46112 | K96: =IFERROR(IF(J96="","",IF(G96="مكتملة","✓",J96-TODAY())),"تاريخ غير صحيح") -> -2 | L96: =IF(G96="مكتملة","🟢 مكتملة",IF(G96="لم تبدأ","⚪ لم تبدأ",IF(J96<TODAY(),"🔴 متأخرة",IF(AND(I96<>"",J96<>"",H96<>"",((TODAY()-I96)/(J96-I96)-H96)>0.3),"🟡 تحتاج متابعة","🟢 في المسار")))) -> 🔴 متأخرة | M96: تم العرض على 3 مطورين وفي انتظار عروضهم | N96: تم طلب التحديث 29/3 | P96: 2026 Tasks
A97: 95 | B97: مقترح شطب مخزون التجارة | C97: المالية | D97: محمد عبدالحميد | E97: P2 - مهم | F97: الامتثال والمخاطر | G97: جاري العمل | H97: 0 | J97: ='قاعدة بيانات المهام'!J417 -> 46122 | K97: =IFERROR(IF(J97="","",IF(G97="مكتملة","✓",J97-TODAY())),"تاريخ غير صحيح") -> 8 | L97: =IF(G97="مكتملة","🟢 مكتملة",IF(G97="لم تبدأ","⚪ لم تبدأ",IF(J97<TODAY(),"🔴 متأخرة",IF(AND(I97<>"",J97<>"",H97<>"",((TODAY()-I97)/(J97-I97)-H97)>0.3),"🟡 تحتاج متابعة","🟢 في المسار")))) -> 🟢 في المسار | M97: تم الارسال للإدارة المالية | N97: تم طلب التحديث 29/3 | P97: 2026 Tasks
A98: 96 | B98: تقرير لجنة المراجعة | C98: الاستراتيجية | D98: محمد زاهر | E98: P1 - عاجل | F98: التميز التشغيلي | G98: جاري العمل | H98: 0.75 | J98: 46112 | K98: =IFERROR(IF(J98="","",IF(G98="مكتملة","✓",J98-TODAY())),"تاريخ غير صحيح") -> -2 | L98: =IF(G98="مكتملة","🟢 مكتملة",IF(G98="لم تبدأ","⚪ لم تبدأ",IF(J98<TODAY(),"🔴 متأخرة",IF(AND(I98<>"",J98<>"",H98<>"",((TODAY()-I98)/(J98-I98)-H98)>0.3),"🟡 تحتاج متابعة","🟢 في المسار")))) -> 🔴 متأخرة | M98: تم الارسال للإدارة المالية | P98: 2026 Tasks
A99: 9 | B99: تصنيف اعمالنا | C99: الاستراتيجية | D99: محمد زاهر | E99: P1 - عاجل | F99: التميز التشغيلي | G99: جاري العمل | H99: 0.75 | J99: 46112 | K99: =IFERROR(IF(J99="","",IF(G99="مكتملة","✓",J99-TODAY())),"تاريخ غير صحيح") -> -2 | L99: =IF(G99="مكتملة","🟢 مكتملة",IF(G99="لم تبدأ","⚪ لم تبدأ",IF(J99<TODAY(),"🔴 متأخرة",IF(AND(I99<>"",J99<>"",H99<>"",((TODAY()-I99)/(J99-I99)-H99)>0.3),"🟡 تحتاج متابعة","🟢 في المسار")))) -> 🔴 متأخرة | M99: تم الارسال للإدارة المالية | P99: 2026 Tasks
A100: 97 | B100: تقرير الاقفال السنوي | C100: المالية | D100: محمد عبدالحميد | E100: P1 - عاجل | F100: الامتثال والمخاطر | G100: جاري العمل | H100: 0.9 | J100: 46112 | K100: =IFERROR(IF(J100="","",IF(G100="مكتملة","✓",J100-TODAY())),"تاريخ غير صحيح") -> -2 | L100: =IF(G100="مكتملة","🟢 مكتملة",IF(G100="لم تبدأ","⚪ لم تبدأ",IF(J100<TODAY(),"🔴 متأخرة",IF(AND(I100<>"",J100<>"",H100<>"",((TODAY()-I100)/(J100-I100)-H100)>0.3),"🟡 تحتاج متابعة","🟢 في المسار")))) -> 🔴 متأخرة | M100: تم التذكير 29/03/2026 | N100: جاري الاعداد مع المراجع الخارجي
...

Sheet لوحة أداء الأقسام
A1: لوحة أداء الأقسام – التحليل التراكمي (2024-2026)
A2: القسم | B2: إجمالي المهام | C2: مكتملة | D2: جاري العمل | E2: لم تبدأ | F2: معدل الإنجاز | G2: متوسط الإنجاز % | H2: مهام 2026 النشطة | I2: مهام متأخرة 2026 | J2: تقييم الأداء | K2: توصية
A3: التقنية | B3: =COUNTIF('قاعدة بيانات المهام'!C:C,A3) -> 49 | C3: =COUNTIFS('قاعدة بيانات المهام'!C:C,A3,'قاعدة بيانات المهام'!G:G,"مكتملة") -> 30 | D3: =COUNTIFS('قاعدة بيانات المهام'!C:C,A3,'قاعدة بيانات المهام'!G:G,"جاري العمل") -> 19 | E3: =COUNTIFS('قاعدة بيانات المهام'!C:C,A3,'قاعدة بيانات المهام'!G:G,"لم تبدأ") -> 0 | F3: =IFERROR(C3/B3,0) -> 0.6122449 | G3: =IFERROR(AVERAGEIF('قاعدة بيانات المهام'!C:C,A3,'قاعدة بيانات المهام'!H:H),0) -> 0.96896552 | H3: =COUNTIFS('قاعدة بيانات المهام'!C:C,A3,'قاعدة بيانات المهام'!P:P,"2026 Tasks") -> 13 | I3: =COUNTIFS('قاعدة بيانات المهام'!C:C,A3,'قاعدة بيانات المهام'!P:P,"2026 Tasks",'قاعدة بيانات المهام'!G:G,"<>مكتملة",'قاعدة بيانات المهام'!J:J,"<"&TODAY(),'قاعدة بيانات المهام'!J:J,"<>") -> 1 | J3: =IF(F3>=0.75,"ممتاز 🏆",IF(F3>=0.55,"جيد ✅",IF(F3>=0.35,"متوسط ⚠️","يحتاج اهتمام 🔴"))) -> جيد ✅ | K3: مراجعة ربع سنوية
A4: المشاريع | B4: =COUNTIF('قاعدة بيانات المهام'!C:C,A4) -> 73 | C4: =COUNTIFS('قاعدة بيانات المهام'!C:C,A4,'قاعدة بيانات المهام'!G:G,"مكتملة") -> 35 | D4: =COUNTIFS('قاعدة بيانات المهام'!C:C,A4,'قاعدة بيانات المهام'!G:G,"جاري العمل") -> 38 | E4: =COUNTIFS('قاعدة بيانات المهام'!C:C,A4,'قاعدة بيانات المهام'!G:G,"لم تبدأ") -> 0 | F4: =IFERROR(C4/B4,0) -> 0.47945205 | G4: =IFERROR(AVERAGEIF('قاعدة بيانات المهام'!C:C,A4,'قاعدة بيانات المهام'!H:H),0) -> 0.9015625 | H4: =COUNTIFS('قاعدة بيانات المهام'!C:C,A4,'قاعدة بيانات المهام'!P:P,"2026 Tasks") -> 14 | I4: =COUNTIFS('قاعدة بيانات المهام'!C:C,A4,'قاعدة بيانات المهام'!P:P,"2026 Tasks",'قاعدة بيانات المهام'!G:G,"<>مكتملة",'قاعدة بيانات المهام'!J:J,"<"&TODAY(),'قاعدة بيانات المهام'!J:J,"<>") -> 2 | J4: =IF(F4>=0.75,"ممتاز 🏆",IF(F4>=0.55,"جيد ✅",IF(F4>=0.35,"متوسط ⚠️","يحتاج اهتمام 🔴"))) -> متوسط ⚠️ | K4: تدخل مباشر من الرئيس التنفيذي
A5: المالية | B5: =COUNTIF('قاعدة بيانات المهام'!C:C,A5) -> 74 | C5: =COUNTIFS('قاعدة بيانات المهام'!C:C,A5,'قاعدة بيانات المهام'!G:G,"مكتملة") -> 48 | D5: =COUNTIFS('قاعدة بيانات المهام'!C:C,A5,'قاعدة بيانات المهام'!G:G,"جاري العمل") -> 26 | E5: =COUNTIFS('قاعدة بيانات المهام'!C:C,A5,'قاعدة بيانات المهام'!G:G,"لم تبدأ") -> 0 | F5: =IFERROR(C5/B5,0) -> 0.64864865 | G5: =IFERROR(AVERAGEIF('قاعدة بيانات المهام'!C:C,A5,'قاعدة بيانات المهام'!H:H),0) -> 0.91428571 | H5: =COUNTIFS('قاعدة بيانات المهام'!C:C,A5,'قاعدة بيانات المهام'!P:P,"2026 Tasks") -> 19 | I5: =COUNTIFS('قاعدة بيانات المهام'!C:C,A5,'قاعدة بيانات المهام'!P:P,"2026 Tasks",'قاعدة بيانات المهام'!G:G,"<>مكتملة",'قاعدة بيانات المهام'!J:J,"<"&TODAY(),'قاعدة بيانات المهام'!J:J,"<>") -> 3 | J5: =IF(F5>=0.75,"ممتاز 🏆",IF(F5>=0.55,"جيد ✅",IF(F5>=0.35,"متوسط ⚠️","يحتاج اهتمام 🔴"))) -> جيد ✅ | K5: مراجعة ربع سنوية
A6: الخزينة | B6: =COUNTIF('قاعدة بيانات المهام'!C:C,A6) -> 7 | C6: =COUNTIFS('قاعدة بيانات المهام'!C:C,A6,'قاعدة بيانات المهام'!G:G,"مكتملة") -> 4 | D6: =COUNTIFS('قاعدة بيانات المهام'!C:C,A6,'قاعدة بيانات المهام'!G:G,"جاري العمل") -> 3 | E6: =COUNTIFS('قاعدة بيانات المهام'!C:C,A6,'قاعدة بيانات المهام'!G:G,"لم تبدأ") -> 0 | F6: =IFERROR(C6/B6,0) -> 0.57142857 | G6: =IFERROR(AVERAGEIF('قاعدة بيانات المهام'!C:C,A6,'قاعدة بيانات المهام'!H:H),0) -> 0.8625 | H6: =COUNTIFS('قاعدة بيانات المهام'!C:C,A6,'قاعدة بيانات المهام'!P:P,"2026 Tasks") -> 0 | I6: =COUNTIFS('قاعدة بيانات المهام'!C:C,A6,'قاعدة بيانات المهام'!P:P,"2026 Tasks",'قاعدة بيانات المهام'!G:G,"<>مكتملة",'قاعدة بيانات المهام'!J:J,"<"&TODAY(),'قاعدة بيانات المهام'!J:J,"<>") -> 0 | J6: =IF(F6>=0.75,"ممتاز 🏆",IF(F6>=0.55,"جيد ✅",IF(F6>=0.35,"متوسط ⚠️","يحتاج اهتمام 🔴"))) -> جيد ✅ | K6: مراجعة ربع سنوية
A7: الاستثمار | B7: =COUNTIF('قاعدة بيانات المهام'!C:C,A7) -> 54 | C7: =COUNTIFS('قاعدة بيانات المهام'!C:C,A7,'قاعدة بيانات المهام'!G:G,"مكتملة") -> 30 | D7: =COUNTIFS('قاعدة بيانات المهام'!C:C,A7,'قاعدة بيانات المهام'!G:G,"جاري العمل") -> 24 | E7: =COUNTIFS('قاعدة بيانات المهام'!C:C,A7,'قاعدة بيانات المهام'!G:G,"لم تبدأ") -> 0 | F7: =IFERROR(C7/B7,0) -> 0.55555556 | G7: =IFERROR(AVERAGEIF('قاعدة بيانات المهام'!C:C,A7,'قاعدة بيانات المهام'!H:H),0) -> 0.896875 | H7: =COUNTIFS('قاعدة بيانات المهام'!C:C,A7,'قاعدة بيانات المهام'!P:P,"2026 Tasks") -> 17 | I7: =COUNTIFS('قاعدة بيانات المهام'!C:C,A7,'قاعدة بيانات المهام'!P:P,"2026 Tasks",'قاعدة بيانات المهام'!G:G,"<>مكتملة",'قاعدة بيانات المهام'!J:J,"<"&TODAY(),'قاعدة بيانات المهام'!J:J,"<>") -> 3 | J7: =IF(F7>=0.75,"ممتاز 🏆",IF(F7>=0.55,"جيد ✅",IF(F7>=0.35,"متوسط ⚠️","يحتاج اهتمام 🔴"))) -> جيد ✅ | K7: خطة تحسين مطلوبة
A8: الأصول العقارية | B8: =COUNTIF('قاعدة بيانات المهام'!C:C,A8) -> 20 | C8: =COUNTIFS('قاعدة بيانات المهام'!C:C,A8,'قاعدة بيانات المهام'!G:G,"مكتملة") -> 16 | D8: =COUNTIFS('قاعدة بيانات المهام'!C:C,A8,'قاعدة بيانات المهام'!G:G,"جاري العمل") -> 4 | E8: =COUNTIFS('قاعدة بيانات المهام'!C:C,A8,'قاعدة بيانات المهام'!G:G,"لم تبدأ") -> 0 | F8: =IFERROR(C8/B8,0) -> 0.8 | G8: =IFERROR(AVERAGEIF('قاعدة بيانات المهام'!C:C,A8,'قاعدة بيانات المهام'!H:H),0) -> 0.96071429 | H8: =COUNTIFS('قاعدة بيانات المهام'!C:C,A8,'قاعدة بيانات المهام'!P:P,"2026 Tasks") -> 10 | I8: =COUNTIFS('قاعدة بيانات المهام'!C:C,A8,'قاعدة بيانات المهام'!P:P,"2026 Tasks",'قاعدة بيانات المهام'!G:G,"<>مكتملة",'قاعدة بيانات المهام'!J:J,"<"&TODAY(),'قاعدة بيانات المهام'!J:J,"<>") -> 0 | J8: =IF(F8>=0.75,"ممتاز 🏆",IF(F8>=0.55,"جيد ✅",IF(F8>=0.35,"متوسط ⚠️","يحتاج اهتمام 🔴"))) -> ممتاز 🏆 | K8: مراجعة ربع سنوية
A9: الاستراتيجية | B9: =COUNTIF('قاعدة بيانات المهام'!C:C,A9) -> 23 | C9: =COUNTIFS('قاعدة بيانات المهام'!C:C,A9,'قاعدة بيانات المهام'!G:G,"مكتملة") -> 23 | D9: =COUNTIFS('قاعدة بيانات المهام'!C:C,A9,'قاعدة بيانات المهام'!G:G,"جاري العمل") -> 0 | E9: =COUNTIFS('قاعدة بيانات المهام'!C:C,A9,'قاعدة بيانات المهام'!G:G,"لم تبدأ") -> 0 | F9: =IFERROR(C9/B9,0) -> 1 | G9: =IFERROR(AVERAGEIF('قاعدة بيانات المهام'!C:C,A9,'قاعدة بيانات المهام'!H:H),0) -> 0.98823529 | H9: =COUNTIFS('قاعدة بيانات المهام'!C:C,A9,'قاعدة بيانات المهام'!P:P,"2026 Tasks") -> 8 | I9: =COUNTIFS('قاعدة بيانات المهام'!C:C,A9,'قاعدة بيانات المهام'!P:P,"2026 Tasks",'قاعدة بيانات المهام'!G:G,"<>مكتملة",'قاعدة بيانات المهام'!J:J,"<"&TODAY(),'قاعدة بيانات المهام'!J:J,"<>") -> 0 | J9: =IF(F9>=0.75,"ممتاز 🏆",IF(F9>=0.55,"جيد ✅",IF(F9>=0.35,"متوسط ⚠️","يحتاج اهتمام 🔴"))) -> ممتاز 🏆 | K9: حافظ على الزخم
A10: الموارد البشرية | B10: =COUNTIF('قاعدة بيانات المهام'!C:C,A10) -> 19 | C10: =COUNTIFS('قاعدة بيانات المهام'!C:C,A10,'قاعدة بيانات المهام'!G:G,"مكتملة") -> 6 | D10: =COUNTIFS('قاعدة بيانات المهام'!C:C,A10,'قاعدة بيانات المهام'!G:G,"جاري العمل") -> 13 | E10: =COUNTIFS('قاعدة بيانات المهام'!C:C,A10,'قاعدة بيانات المهام'!G:G,"لم تبدأ") -> 0 | F10: =IFERROR(C10/B10,0) -> 0.31578947 | G10: =IFERROR(AVERAGEIF('قاعدة بيانات المهام'!C:C,A10,'قاعدة بيانات المهام'!H:H),0) -> 0.75384615 | H10: =COUNTIFS('قاعدة بيانات المهام'!C:C,A10,'قاعدة بيانات المهام'!P:P,"2026 Tasks") -> 2 | I10: =COUNTIFS('قاعدة بيانات المهام'!C:C,A10,'قاعدة بيانات المهام'!P:P,"2026 Tasks",'قاعدة بيانات المهام'!G:G,"<>مكتملة",'قاعدة بيانات المهام'!J:J,"<"&TODAY(),'قاعدة بيانات المهام'!J:J,"<>") -> 1 | J10: =IF(F10>=0.75,"ممتاز 🏆",IF(F10>=0.55,"جيد ✅",IF(F10>=0.35,"متوسط ⚠️","يحتاج اهتمام 🔴"))) -> يحتاج اهتمام 🔴 | K10: تدخل مباشر من الرئيس التنفيذي
A11: الادارة القانونية | B11: =COUNTIF('قاعدة بيانات المهام'!C:C,A11) -> 36 | C11: =COUNTIFS('قاعدة بيانات المهام'!C:C,A11,'قاعدة بيانات المهام'!G:G,"مكتملة") -> 24 | D11: =COUNTIFS('قاعدة بيانات المهام'!C:C,A11,'قاعدة بيانات المهام'!G:G,"جاري العمل") -> 12 | E11: =COUNTIFS('قاعدة بيانات المهام'!C:C,A11,'قاعدة بيانات المهام'!G:G,"لم تبدأ") -> 0 | F11: =IFERROR(C11/B11,0) -> 0.66666667 | G11: =IFERROR(AVERAGEIF('قاعدة بيانات المهام'!C:C,A11,'قاعدة بيانات المهام'!H:H),0) -> 0.82619048 | H11: =COUNTIFS('قاعدة بيانات المهام'!C:C,A11,'قاعدة بيانات المهام'!P:P,"2026 Tasks") -> 7 | I11: =COUNTIFS('قاعدة بيانات المهام'!C:C,A11,'قاعدة بيانات المهام'!P:P,"2026 Tasks",'قاعدة بيانات المهام'!G:G,"<>مكتملة",'قاعدة بيانات المهام'!J:J,"<"&TODAY(),'قاعدة بيانات المهام'!J:J,"<>") -> 0 | J11: =IF(F11>=0.75,"ممتاز 🏆",IF(F11>=0.55,"جيد ✅",IF(F11>=0.35,"متوسط ⚠️","يحتاج اهتمام 🔴"))) -> جيد ✅ | K11: خطة تحسين مطلوبة
A12: المراجعة | B12: =COUNTIF('قاعدة بيانات المهام'!C:C,A12) -> 6 | C12: =COUNTIFS('قاعدة بيانات المهام'!C:C,A12,'قاعدة بيانات المهام'!G:G,"مكتملة") -> 2 | D12: =COUNTIFS('قاعدة بيانات المهام'!C:C,A12,'قاعدة بيانات المهام'!G:G,"جاري العمل") -> 4 | E12: =COUNTIFS('قاعدة بيانات المهام'!C:C,A12,'قاعدة بيانات المهام'!G:G,"لم تبدأ") -> 0 | F12: =IFERROR(C12/B12,0) -> 0.33333333 | G12: =IFERROR(AVERAGEIF('قاعدة بيانات المهام'!C:C,A12,'قاعدة بيانات المهام'!H:H),0) -> 1 | H12: =COUNTIFS('قاعدة بيانات المهام'!C:C,A12,'قاعدة بيانات المهام'!P:P,"2026 Tasks") -> 0 | I12: =COUNTIFS('قاعدة بيانات المهام'!C:C,A12,'قاعدة بيانات المهام'!P:P,"2026 Tasks",'قاعدة بيانات المهام'!G:G,"<>مكتملة",'قاعدة بيانات المهام'!J:J,"<"&TODAY(),'قاعدة بيانات المهام'!J:J,"<>") -> 0 | J12: =IF(F12>=0.75,"ممتاز 🏆",IF(F12>=0.55,"جيد ✅",IF(F12>=0.35,"متوسط ⚠️","يحتاج اهتمام 🔴"))) -> يحتاج اهتمام 🔴 | K12: تدخل مباشر من الرئيس التنفيذي
A13: المدير العام | B13: =COUNTIF('قاعدة بيانات المهام'!C:C,A13) -> 20 | C13: =COUNTIFS('قاعدة بيانات المهام'!C:C,A13,'قاعدة بيانات المهام'!G:G,"مكتملة") -> 7 | D13: =COUNTIFS('قاعدة بيانات المهام'!C:C,A13,'قاعدة بيانات المهام'!G:G,"جاري العمل") -> 13 | E13: =COUNTIFS('قاعدة بيانات المهام'!C:C,A13,'قاعدة بيانات المهام'!G:G,"لم تبدأ") -> 0 | F13: =IFERROR(C13/B13,0) -> 0.35 | G13: =IFERROR(AVERAGEIF('قاعدة بيانات المهام'!C:C,A13,'قاعدة بيانات المهام'!H:H),0) -> 0.70714286 | H13: =COUNTIFS('قاعدة بيانات المهام'!C:C,A13,'قاعدة بيانات المهام'!P:P,"2026 Tasks") -> 0 | I13: =COUNTIFS('قاعدة بيانات المهام'!C:C,A13,'قاعدة بيانات المهام'!P:P,"2026 Tasks",'قاعدة بيانات المهام'!G:G,"<>مكتملة",'قاعدة بيانات المهام'!J:J,"<"&TODAY(),'قاعدة بيانات المهام'!J:J,"<>") -> 0 | J13: =IF(F13>=0.75,"ممتاز 🏆",IF(F13>=0.55,"جيد ✅",IF(F13>=0.35,"متوسط ⚠️","يحتاج اهتمام 🔴"))) -> متوسط ⚠️ | K13: تدخل مباشر من الرئيس التنفيذي
A14: الرئيس التنفيذي | B14: =COUNTIF('قاعدة بيانات المهام'!C:C,A14) -> 4 | C14: =COUNTIFS('قاعدة بيانات المهام'!C:C,A14,'قاعدة بيانات المهام'!G:G,"مكتملة") -> 1 | D14: =COUNTIFS('قاعدة بيانات المهام'!C:C,A14,'قاعدة بيانات المهام'!G:G,"جاري العمل") -> 3 | E14: =COUNTIFS('قاعدة بيانات المهام'!C:C,A14,'قاعدة بيانات المهام'!G:G,"لم تبدأ") -> 0 | F14: =IFERROR(C14/B14,0) -> 0.25 | G14: =IFERROR(AVERAGEIF('قاعدة بيانات المهام'!C:C,A14,'قاعدة بيانات المهام'!H:H),0) -> 0.975 | H14: =COUNTIFS('قاعدة بيانات المهام'!C:C,A14,'قاعدة بيانات المهام'!P:P,"2026 Tasks") -> 1 | I14: =COUNTIFS('قاعدة بيانات المهام'!C:C,A14,'قاعدة بيانات المهام'!P:P,"2026 Tasks",'قاعدة بيانات المهام'!G:G,"<>مكتملة",'قاعدة بيانات المهام'!J:J,"<"&TODAY(),'قاعدة بيانات المهام'!J:J,"<>") -> 0 | J14: =IF(F14>=0.75,"ممتاز 🏆",IF(F14>=0.55,"جيد ✅",IF(F14>=0.35,"متوسط ⚠️","يحتاج اهتمام 🔴"))) -> يحتاج اهتمام 🔴 | K14: تدخل مباشر من الرئيس التنفيذي
... A18: التجارة | B18: =COUNTIF('قاعدة بيانات المهام'!C:C,A18) -> 7 | C18: =COUNTIFS('قاعدة بيانات المهام'!C:C,A18,'قاعدة بيانات المهام'!G:G,"مكتملة") -> 7 | D18: =COUNTIFS('قاعدة بيانات المهام'!C:C,A18,'قاعدة بيانات المهام'!G:G,"جاري العمل") -> 0 | E18: =COUNTIFS('قاعدة بيانات المهام'!C:C,A18,'قاعدة بيانات المهام'!G:G,"لم تبدأ") -> 0 | F18: =IFERROR(C18/B18,0) -> 1 | G18: =IFERROR(AVERAGEIF('قاعدة بيانات المهام'!C:C,A18,'قاعدة بيانات المهام'!H:H),0) -> 1 | H18: =COUNTIFS('قاعدة بيانات المهام'!C:C,A18,'قاعدة بيانات المهام'!P:P,"2026 Tasks") -> 0 | I18: =COUNTIFS('قاعدة بيانات المهام'!C:C,A18,'قاعدة بيانات المهام'!P:P,"2026 Tasks",'قاعدة بيانات المهام'!G:G,"<>مكتملة",'قاعدة بيانات المهام'!J:J,"<"&TODAY(),'قاعدة بيانات المهام'!J:J,"<>") -> 0 | J18: =IF(F18>=0.75,"ممتاز 🏆",IF(F18>=0.55,"جيد ✅",IF(F18>=0.35,"متوسط ⚠️","يحتاج اهتمام 🔴"))) -> ممتاز 🏆 | K18: حافظ على الزخم
A19: المجموع الكلي | B19: =SUM(B3:B18) -> 411 | C19: =SUM(C3:C18) -> 243 | D19: =SUM(D3:D18) -> 168 | E19: =SUM(E3:E18) -> 0 | F19: =IFERROR(C19/B19,0) -> 0.59124088 | G19: =IFERROR(AVERAGE(G3:G18),0) -> 0.83481153 | H19: =SUM(H3:H18) -> 92 | I19: =SUM(I3:I18) -> 10

Sheet دليل الاستخدام
A1: دليل استخدام قاعدة البيانات المطورة
A3: 📋 هيكل الملف
A4: قاعدة بيانات المهام | B4: جميع المهام التاريخية 2024-2026 في جدول واحد (428 صف)
A5: المهام النشطة 2026 | B5: المهام الحالية فقط (94 مهمة) – للمتابعة اليومية
A6: لوحة أداء الأقسام | B6: تحليل أداء كل قسم تراكمياً
A7: دليل الاستخدام | B7: هذه الصفحة
A9: 🎯 أعمدة يجب ملؤها
A10: الأولوية (E) | B10: اختر من القائمة: P1 عاجل / P2 مهم / P3 عادي
A11: الركيزة الاستراتيجية (F) | B11: اختر من القائمة: نمو الإيرادات / الامتثال والمخاطر / التميز التشغيلي / التحول الرقمي / الكفاءات والأفراد
A12: نسبة الإنجاز (H) | B12: أدخل رقماً من 0 إلى 100% (مثال: 75%)
A14: 🚦 مؤشر المخاطر – القراءة
A15: 🟢 في المسار | B15: المهمة تسير حسب الخطة – لا تدخل مطلوب
A16: 🟡 تحتاج متابعة | B16: الإنجاز متأخر عن الوقت بـ 30%+ – يجب المراجعة
A17: 🔴 متأخرة | B17: تجاوزت تاريخ الانتهاء ولم تكتمل – تدخل عاجل
A18: ⚪ لم تبدأ | B18: المهمة لم تبدأ بعد
A19: 🟢 مكتملة | B19: اكتملت المهمة
A21: 🔍 نصائح الاستخدام
A22: الفلترة | B22: استخدم Auto Filter على أي عمود للتصفية حسب القسم أو الموظف أو الحالة
A23: البحث عن متأخرة | B23: فلتر عمود L على '🔴 متأخرة' لرؤية كل المهام المتأخرة فوراً
A24: تحديث أسبوعي | B24: حدّث نسبة الإنجاز والحالة كل أسبوع – المؤشرات تتحدث تلقائياً
A25: الأولوية أولاً | B25: ابدأ اجتماع المتابعة بفلترة P1 + 🔴 لتحديد أهم القرارات
